-- MySQL dump 10.13  Distrib 8.0.19, for Linux (x86_64)
--
-- Host: localhost    Database: vk
-- ------------------------------------------------------
-- Server version	8.0.19

/*!40101 SET @OLD_CHARACTER_SET_CLIENT=@@CHARACTER_SET_CLIENT */;
/*!40101 SET @OLD_CHARACTER_SET_RESULTS=@@CHARACTER_SET_RESULTS */;
/*!40101 SET @OLD_COLLATION_CONNECTION=@@COLLATION_CONNECTION */;
/*!50503 SET NAMES utf8mb4 */;
/*!40103 SET @OLD_TIME_ZONE=@@TIME_ZONE */;
/*!40103 SET TIME_ZONE='+00:00' */;
/*!40014 SET @OLD_UNIQUE_CHECKS=@@UNIQUE_CHECKS, UNIQUE_CHECKS=0 */;
/*!40014 SET @OLD_FOREIGN_KEY_CHECKS=@@FOREIGN_KEY_CHECKS, FOREIGN_KEY_CHECKS=0 */;
/*!40101 SET @OLD_SQL_MODE=@@SQL_MODE, SQL_MODE='NO_AUTO_VALUE_ON_ZERO' */;
/*!40111 SET @OLD_SQL_NOTES=@@SQL_NOTES, SQL_NOTES=0 */;

--
-- Table structure for table `communities`
--

DROP TABLE IF EXISTS `communities`;
/*!40101 SET @saved_cs_client     = @@character_set_client */;
/*!50503 SET character_set_client = utf8mb4 */;
CREATE TABLE `communities` (
  `id` int unsigned NOT NULL AUTO_INCREMENT,
  `name` varchar(150) CHARACTER SET utf8 COLLATE utf8_unicode_ci NOT NULL,
  PRIMARY KEY (`id`),
  UNIQUE KEY `name` (`name`)
) ENGINE=InnoDB AUTO_INCREMENT=101 DEFAULT CHARSET=utf8 COLLATE=utf8_unicode_ci;
/*!40101 SET character_set_client = @saved_cs_client */;

--
-- Dumping data for table `communities`
--

LOCK TABLES `communities` WRITE;
/*!40000 ALTER TABLE `communities` DISABLE KEYS */;
INSERT INTO `communities` VALUES (47,'ab'),(100,'ad'),(70,'alias'),(84,'aliquid'),(89,'aperiam'),(59,'asperiores'),(13,'aspernatur'),(64,'assumenda'),(96,'atque'),(67,'aut'),(27,'autem'),(12,'beatae'),(95,'consectetur'),(94,'cumque'),(35,'cupiditate'),(24,'debitis'),(50,'delectus'),(76,'deleniti'),(97,'deserunt'),(98,'dignissimos'),(72,'distinctio'),(21,'dolor'),(42,'dolorem'),(18,'dolores'),(6,'ea'),(80,'eius'),(10,'eligendi'),(30,'enim'),(85,'eos'),(9,'est'),(55,'et'),(88,'eum'),(81,'ex'),(37,'exercitationem'),(3,'explicabo'),(26,'facilis'),(78,'fuga'),(58,'fugiat'),(45,'hic'),(54,'id'),(68,'impedit'),(93,'incidunt'),(79,'inventore'),(40,'ipsa'),(74,'iste'),(73,'itaque'),(62,'iusto'),(57,'labore'),(25,'laboriosam'),(22,'laborum'),(38,'laudantium'),(99,'libero'),(52,'magni'),(20,'minima'),(17,'molestiae'),(23,'molestias'),(86,'mollitia'),(16,'nisi'),(31,'nobis'),(53,'non'),(34,'numquam'),(75,'odio'),(15,'officia'),(56,'omnis'),(91,'optio'),(28,'pariatur'),(48,'perspiciatis'),(63,'possimus'),(69,'praesentium'),(90,'quae'),(46,'quam'),(29,'quas'),(2,'qui'),(11,'quia'),(33,'quidem'),(83,'quis'),(7,'quo'),(41,'quod'),(77,'quos'),(51,'ratione'),(61,'rerum'),(39,'saepe'),(36,'sapiente'),(5,'sed'),(92,'similique'),(14,'sint'),(43,'sunt'),(65,'tempora'),(32,'tempore'),(71,'temporibus'),(87,'totam'),(4,'ullam'),(8,'ut'),(60,'vel'),(19,'vero'),(66,'voluptas'),(44,'voluptate'),(1,'voluptatem'),(82,'voluptates'),(49,'voluptatibus');
/*!40000 ALTER TABLE `communities` ENABLE KEYS */;
UNLOCK TABLES;

--
-- Table structure for table `communities_users`
--

DROP TABLE IF EXISTS `communities_users`;
/*!40101 SET @saved_cs_client     = @@character_set_client */;
/*!50503 SET character_set_client = utf8mb4 */;
CREATE TABLE `communities_users` (
  `community_id` int unsigned NOT NULL,
  `user_id` int unsigned NOT NULL,
  PRIMARY KEY (`community_id`,`user_id`)
) ENGINE=InnoDB DEFAULT CHARSET=utf8 COLLATE=utf8_unicode_ci;
/*!40101 SET character_set_client = @saved_cs_client */;

--
-- Dumping data for table `communities_users`
--

LOCK TABLES `communities_users` WRITE;
/*!40000 ALTER TABLE `communities_users` DISABLE KEYS */;
INSERT INTO `communities_users` VALUES (1,1),(2,2),(3,3),(4,4),(5,5),(6,6),(7,7),(8,8),(9,9),(10,10),(11,11),(12,12),(13,13),(14,14),(15,15),(16,16),(17,17),(18,18),(19,19),(20,20),(21,21),(22,22),(23,23),(24,24),(25,25),(26,26),(27,27),(28,28),(29,29),(30,30),(31,31),(32,32),(33,33),(34,34),(35,35),(36,36),(37,37),(38,38),(39,39),(40,40),(41,41),(42,42),(43,43),(44,44),(45,45),(46,46),(47,47),(48,48),(49,49),(50,50),(51,51),(52,52),(53,53),(54,54),(55,55),(56,56),(57,57),(58,58),(59,59),(60,60),(61,61),(62,62),(63,63),(64,64),(65,65),(66,66),(67,67),(68,68),(69,69),(70,70),(71,71),(72,72),(73,73),(74,74),(75,75),(76,76),(77,77),(78,78),(79,79),(80,80),(81,81),(82,82),(83,83),(84,84),(85,85),(86,86),(87,87),(88,88),(89,89),(90,90),(91,91),(92,92),(93,93),(94,94),(95,95),(96,96),(97,97),(98,98),(99,99),(100,100);
/*!40000 ALTER TABLE `communities_users` ENABLE KEYS */;
UNLOCK TABLES;

--
-- Table structure for table `friendship`
--

DROP TABLE IF EXISTS `friendship`;
/*!40101 SET @saved_cs_client     = @@character_set_client */;
/*!50503 SET character_set_client = utf8mb4 */;
CREATE TABLE `friendship` (
  `user_id` int unsigned NOT NULL,
  `friend_id` int unsigned NOT NULL,
  `status_id` int unsigned NOT NULL,
  `requested_at` datetime DEFAULT CURRENT_TIMESTAMP,
  `confirmed_at` datetime DEFAULT NULL,
  PRIMARY KEY (`user_id`,`friend_id`)
) ENGINE=InnoDB DEFAULT CHARSET=utf8 COLLATE=utf8_unicode_ci;
/*!40101 SET character_set_client = @saved_cs_client */;

--
-- Dumping data for table `friendship`
--

LOCK TABLES `friendship` WRITE;
/*!40000 ALTER TABLE `friendship` DISABLE KEYS */;
INSERT INTO `friendship` VALUES (1,4,1,'2016-09-17 06:19:46','2010-07-18 14:18:24'),(2,52,2,'2011-09-02 20:17:46','2013-01-19 13:18:45'),(3,27,3,'2017-07-06 17:18:17','2014-02-15 00:58:48'),(4,54,4,'2014-11-23 18:01:57','2020-01-18 21:04:14'),(5,82,5,'2014-08-08 22:04:31','2017-05-19 13:33:44'),(6,47,6,'2018-08-05 22:07:28','2017-07-31 13:05:10'),(7,58,7,'2017-11-02 06:03:38','2020-01-22 02:25:16'),(8,73,8,'2017-08-21 00:06:34','2012-10-29 08:43:56'),(9,59,9,'2012-10-15 12:48:47','2016-06-15 08:35:34'),(10,75,10,'2016-03-17 09:32:51','2010-04-23 15:58:04'),(11,2,11,'2018-11-16 10:42:50','2016-06-14 10:54:24'),(12,16,12,'2017-03-10 01:57:08','2017-04-03 06:30:16'),(13,6,13,'2017-05-30 08:56:29','2016-04-29 19:41:05'),(14,13,14,'2019-11-05 19:01:38','2013-03-27 07:02:24'),(15,97,15,'2017-12-08 16:20:49','2011-10-04 11:53:38'),(16,36,16,'2011-06-17 08:58:20','2012-10-10 06:35:42'),(17,19,17,'2019-07-03 11:19:55','2015-12-14 10:59:58'),(18,7,18,'2019-01-11 12:08:56','2017-01-15 06:16:08'),(19,72,19,'2011-09-02 03:34:07','2020-02-10 20:54:07'),(20,26,20,'2013-06-01 19:05:01','2019-09-10 05:02:38'),(21,32,21,'2013-08-13 11:52:40','2016-07-26 19:33:31'),(22,57,22,'2013-08-09 21:35:53','2017-05-29 05:02:43'),(23,14,23,'2012-05-18 18:09:19','2018-12-26 01:10:16'),(24,48,24,'2012-08-15 06:36:34','2017-09-09 00:56:58'),(25,49,25,'2015-05-29 02:16:28','2019-08-15 08:45:01'),(26,8,26,'2013-04-13 09:26:17','2012-11-19 18:04:22'),(27,17,27,'2016-04-14 19:39:48','2015-05-22 02:30:39'),(28,69,28,'2013-12-14 11:33:55','2016-07-24 13:51:34'),(29,65,29,'2018-06-25 10:00:40','2012-04-28 15:07:07'),(30,30,30,'2013-12-15 15:20:41','2012-09-01 22:12:30'),(31,66,31,'2012-12-23 08:18:01','2014-03-11 13:03:13'),(32,31,32,'2018-04-04 06:29:49','2019-05-07 01:56:20'),(33,44,33,'2019-01-27 18:16:58','2011-03-02 20:13:25'),(34,28,34,'2016-06-08 06:37:02','2010-10-06 19:27:24'),(35,63,35,'2016-12-21 10:17:57','2015-03-23 18:52:50'),(36,24,36,'2014-01-09 22:21:01','2014-04-12 05:22:22'),(37,79,37,'2012-09-28 13:21:13','2013-08-22 10:32:53'),(38,46,38,'2018-01-27 14:16:56','2013-04-02 14:31:10'),(39,93,39,'2018-03-19 00:43:47','2018-02-08 20:52:08'),(40,61,40,'2019-01-17 17:55:32','2016-05-07 01:54:42'),(41,62,41,'2015-11-30 09:25:38','2015-12-20 15:42:26'),(42,70,42,'2013-01-19 09:26:22','2010-10-21 16:31:26'),(43,10,43,'2015-11-19 18:29:51','2011-10-20 07:48:13'),(44,40,44,'2014-04-19 04:31:13','2017-07-13 01:01:21'),(45,56,45,'2017-12-06 11:00:59','2019-07-10 00:58:32'),(46,41,46,'2016-10-02 20:06:51','2011-06-23 13:52:34'),(47,51,47,'2015-06-29 00:31:32','2010-06-29 08:24:54'),(48,11,48,'2015-03-21 06:15:26','2017-01-09 18:51:25'),(49,90,49,'2013-05-02 10:17:01','2015-08-30 17:38:13'),(50,92,50,'2012-01-14 17:34:41','2015-04-08 10:16:22'),(51,9,51,'2017-03-02 18:50:38','2019-03-12 04:25:57'),(52,100,52,'2011-03-18 17:16:24','2012-08-24 04:23:41'),(53,67,53,'2015-01-24 05:10:26','2013-08-22 21:51:41'),(54,38,54,'2017-10-21 11:41:42','2019-08-07 20:40:43'),(55,77,55,'2016-08-26 04:33:40','2018-09-26 13:49:29'),(56,60,56,'2015-06-13 12:48:37','2013-10-17 23:32:52'),(57,68,57,'2011-04-22 08:19:03','2014-04-30 03:11:07'),(58,21,58,'2019-03-09 16:11:19','2016-09-02 03:17:36'),(59,74,59,'2015-04-28 20:08:03','2016-06-08 21:03:16'),(60,89,60,'2010-12-18 15:12:33','2017-01-23 07:44:33'),(61,1,61,'2011-11-10 23:30:28','2018-11-04 12:30:30'),(62,53,62,'2015-06-13 08:36:04','2019-11-28 02:25:08'),(63,18,63,'2015-10-15 12:23:04','2010-09-20 15:22:51'),(64,98,64,'2018-04-14 00:11:28','2013-12-30 21:20:52'),(65,29,65,'2015-02-24 15:13:11','2020-02-04 17:24:56'),(66,80,66,'2010-08-04 17:16:57','2016-02-10 00:57:40'),(67,39,67,'2010-07-21 08:45:24','2016-11-21 07:13:49'),(68,94,68,'2016-12-15 21:22:31','2011-12-21 15:40:27'),(69,34,69,'2012-09-28 14:35:58','2018-10-30 01:41:07'),(70,35,70,'2017-11-30 15:40:21','2013-06-04 06:13:05'),(71,95,71,'2019-10-20 08:40:27','2012-05-10 07:18:39'),(72,64,72,'2012-01-03 10:14:17','2017-05-07 08:33:55'),(73,43,73,'2015-12-26 23:17:29','2019-03-06 03:27:18'),(74,5,74,'2012-11-25 11:23:47','2014-02-10 17:16:39'),(75,71,75,'2016-12-09 05:10:41','2012-02-26 07:58:01'),(76,88,76,'2016-05-03 08:12:35','2019-09-23 23:12:29'),(77,42,77,'2017-01-11 06:15:15','2013-10-08 01:55:17'),(78,83,78,'2020-03-03 21:02:41','2011-10-03 09:24:44'),(79,81,79,'2012-05-29 06:08:14','2017-06-16 04:03:37'),(80,12,80,'2015-02-07 08:45:19','2017-12-22 22:17:19'),(81,78,81,'2011-12-17 17:50:06','2014-12-03 20:22:11'),(82,96,82,'2013-06-26 14:46:09','2016-09-26 21:05:30'),(83,3,83,'2017-02-07 08:31:29','2014-12-21 06:40:03'),(84,76,84,'2014-05-01 22:32:23','2017-05-10 12:39:41'),(85,85,85,'2013-03-09 03:09:26','2016-09-11 11:59:13'),(86,55,86,'2011-11-20 10:20:53','2017-07-27 05:23:37'),(87,23,87,'2016-12-18 16:49:41','2018-12-19 11:53:25'),(88,45,88,'2012-03-30 07:53:32','2019-07-27 07:01:25'),(89,86,89,'2019-02-28 12:35:22','2016-02-28 11:17:34'),(90,99,90,'2015-08-03 01:06:41','2010-05-01 05:48:42'),(91,20,91,'2011-02-17 11:33:00','2014-09-04 18:34:18'),(92,15,92,'2013-10-05 23:49:29','2011-11-08 01:43:21'),(93,91,93,'2019-02-28 04:51:42','2019-02-20 13:06:29'),(94,87,94,'2013-12-29 17:14:47','2018-10-04 04:56:51'),(95,22,95,'2012-05-09 18:35:38','2016-12-04 04:35:59'),(96,25,96,'2012-04-08 02:54:14','2014-01-05 21:06:45'),(97,84,97,'2012-06-30 11:50:34','2014-07-04 23:26:30'),(98,33,98,'2012-03-07 17:56:16','2019-05-14 11:54:24'),(99,37,99,'2013-12-14 06:41:14','2014-10-29 05:56:06'),(100,50,100,'2017-08-10 22:52:53','2019-07-10 21:08:18');
/*!40000 ALTER TABLE `friendship` ENABLE KEYS */;
UNLOCK TABLES;

--
-- Table structure for table `friendship_statuses`
--

DROP TABLE IF EXISTS `friendship_statuses`;
/*!40101 SET @saved_cs_client     = @@character_set_client */;
/*!50503 SET character_set_client = utf8mb4 */;
CREATE TABLE `friendship_statuses` (
  `id` int unsigned NOT NULL AUTO_INCREMENT,
  `name` varchar(150) CHARACTER SET utf8 COLLATE utf8_unicode_ci NOT NULL,
  PRIMARY KEY (`id`),
  UNIQUE KEY `name` (`name`)
) ENGINE=InnoDB AUTO_INCREMENT=101 DEFAULT CHARSET=utf8 COLLATE=utf8_unicode_ci;
/*!40101 SET character_set_client = @saved_cs_client */;

--
-- Dumping data for table `friendship_statuses`
--

LOCK TABLES `friendship_statuses` WRITE;
/*!40000 ALTER TABLE `friendship_statuses` DISABLE KEYS */;
INSERT INTO `friendship_statuses` VALUES (28,'accusantium'),(98,'alias'),(92,'aliquam'),(38,'aliquid'),(36,'at'),(88,'atque'),(91,'aut'),(29,'autem'),(39,'beatae'),(25,'blanditiis'),(6,'consequatur'),(78,'corporis'),(63,'corrupti'),(62,'debitis'),(50,'deleniti'),(76,'dignissimos'),(58,'dolor'),(71,'dolores'),(86,'ducimus'),(70,'ea'),(16,'eaque'),(97,'earum'),(7,'enim'),(41,'eos'),(5,'est'),(10,'et'),(2,'eveniet'),(81,'expedita'),(66,'facere'),(85,'facilis'),(99,'fugiat'),(47,'fugit'),(9,'harum'),(75,'id'),(13,'illo'),(93,'illum'),(31,'impedit'),(44,'inventore'),(90,'ipsa'),(45,'ipsam'),(95,'ipsum'),(54,'itaque'),(55,'iure'),(40,'iusto'),(73,'laboriosam'),(27,'laborum'),(60,'magnam'),(77,'magni'),(74,'maxime'),(42,'minima'),(12,'minus'),(80,'modi'),(11,'molestiae'),(17,'mollitia'),(33,'nam'),(83,'natus'),(35,'necessitatibus'),(79,'neque'),(24,'nihil'),(15,'nobis'),(18,'non'),(30,'numquam'),(51,'occaecati'),(68,'odit'),(22,'omnis'),(67,'optio'),(72,'pariatur'),(69,'porro'),(43,'possimus'),(4,'quaerat'),(32,'quam'),(23,'quasi'),(21,'qui'),(49,'quia'),(1,'quo'),(64,'quod'),(89,'quos'),(94,'rem'),(26,'repellat'),(46,'reprehenderit'),(59,'repudiandae'),(3,'rerum'),(61,'saepe'),(52,'sapiente'),(84,'sed'),(37,'similique'),(53,'soluta'),(65,'sunt'),(19,'tempore'),(20,'temporibus'),(100,'tenetur'),(96,'ullam'),(56,'unde'),(34,'ut'),(14,'velit'),(57,'veritatis'),(8,'voluptas'),(82,'voluptate'),(48,'voluptatem'),(87,'voluptatum');
/*!40000 ALTER TABLE `friendship_statuses` ENABLE KEYS */;
UNLOCK TABLES;

--
-- Table structure for table `media`
--

DROP TABLE IF EXISTS `media`;
/*!40101 SET @saved_cs_client     = @@character_set_client */;
/*!50503 SET character_set_client = utf8mb4 */;
CREATE TABLE `media` (
  `id` int unsigned NOT NULL AUTO_INCREMENT,
  `media_type_id` int unsigned NOT NULL,
  `user_id` int unsigned NOT NULL,
  `file_path` varchar(255) CHARACTER SET utf8 COLLATE utf8_unicode_ci NOT NULL,
  `size` int NOT NULL,
  `metadata` longtext CHARACTER SET utf8mb4 COLLATE utf8mb4_bin,
  `created_at` datetime DEFAULT CURRENT_TIMESTAMP,
  `updated_at` datetime DEFAULT CURRENT_TIMESTAMP ON UPDATE CURRENT_TIMESTAMP,
  PRIMARY KEY (`id`)
) ENGINE=InnoDB AUTO_INCREMENT=101 DEFAULT CHARSET=utf8 COLLATE=utf8_unicode_ci;
/*!40101 SET character_set_client = @saved_cs_client */;

--
-- Dumping data for table `media`
--

LOCK TABLES `media` WRITE;
/*!40000 ALTER TABLE `media` DISABLE KEYS */;
INSERT INTO `media` VALUES (1,1,1,'wma',23631,'850955084','2014-11-17 15:37:07','2016-04-06 21:37:21'),(2,2,2,'xdp',80,'5066440','2019-11-10 09:06:38','2010-06-25 12:59:07'),(3,3,3,'jnlp',9,'260513841','2013-09-26 04:54:46','2015-08-21 10:17:17'),(4,4,4,'kpxx',0,'711','2019-02-02 10:16:01','2012-10-17 04:43:32'),(5,5,5,'mp4a',79136480,'631906','2014-07-14 06:54:48','2010-11-18 21:45:11'),(6,6,6,'xml',0,'2','2014-09-18 14:05:54','2018-08-10 01:46:34'),(7,7,7,'fvt',9583896,'2','2012-04-30 08:07:17','2018-04-08 14:08:58'),(8,8,8,'uris',4,'','2013-07-07 10:11:03','2016-04-28 23:41:29'),(9,9,9,'oxt',7232741,'28','2015-12-14 17:19:31','2012-02-19 02:44:16'),(10,10,10,'opml',6836460,'913','2016-06-10 11:10:02','2015-04-04 07:49:45'),(11,11,11,'semf',4,'12608014','2018-06-07 13:18:17','2019-12-30 21:27:04'),(12,12,12,'xm',7581,'17469003','2013-05-05 21:28:12','2016-07-15 00:44:37'),(13,13,13,'cat',817722,'831422','2014-10-11 08:34:01','2015-06-27 07:52:33'),(14,14,14,'sldx',0,'95','2020-03-03 17:51:40','2019-03-04 15:24:34'),(15,15,15,'srt',23556339,'6','2015-02-11 00:58:09','2010-08-14 21:46:24'),(16,16,16,'fpx',6645,'20217140','2019-09-26 05:14:56','2012-07-02 03:29:12'),(17,17,17,'caf',88181,'331349323','2016-10-14 16:12:53','2017-11-27 02:49:03'),(18,18,18,'ez3',406878,'521473','2013-09-10 10:02:50','2017-09-17 20:12:39'),(19,19,19,'xls',93,'83177','2010-11-12 22:15:27','2010-12-11 14:45:02'),(20,20,20,'sema',10246150,'602','2018-05-18 05:57:26','2018-06-15 06:43:51'),(21,21,21,'lbd',0,'9232543','2012-04-15 01:13:10','2017-10-19 15:20:52'),(22,22,22,'lha',47749514,'62199','2014-08-08 09:16:01','2017-09-28 07:40:06'),(23,23,23,'sfd-hdstx',47,'221473245','2012-01-27 06:32:12','2014-03-13 23:31:54'),(24,24,24,'mts',34379450,'','2011-06-03 21:08:17','2020-01-27 10:52:31'),(25,25,25,'cryptonote',29600,'461415','2016-05-03 07:10:44','2014-07-04 14:47:56'),(26,26,26,'pot',72,'2','2014-06-14 11:29:23','2017-10-26 00:13:42'),(27,27,27,'msf',4,'21084882','2015-07-12 07:10:00','2019-02-25 10:20:16'),(28,28,28,'kpxx',0,'956227412','2018-11-26 22:48:38','2014-12-04 19:27:32'),(29,29,29,'pptx',92756,'799','2019-03-14 22:52:00','2018-02-24 09:36:42'),(30,30,30,'lbd',224054,'2','2019-09-14 16:56:16','2017-05-07 12:21:02'),(31,31,31,'org',0,'5','2012-06-07 10:59:50','2014-09-28 11:42:14'),(32,32,32,'fvt',859702,'17935','2014-11-03 04:45:06','2013-05-21 16:42:13'),(33,33,33,'cpio',8,'','2017-02-04 13:05:11','2017-06-17 09:39:38'),(34,34,34,'uvvh',42,'69147158','2011-07-19 20:43:12','2012-09-29 10:38:34'),(35,35,35,'deploy',0,'410853573','2011-08-06 18:16:19','2019-05-03 17:40:10'),(36,36,36,'lnk',0,'48326588','2019-12-01 07:43:36','2011-05-22 19:37:38'),(37,37,37,'nfo',825281,'89','2010-08-13 07:47:56','2010-04-22 15:29:08'),(38,38,38,'nsf',51257,'12202766','2016-05-22 16:39:55','2018-02-21 21:56:53'),(39,39,39,'pskcxml',1117692,'13006','2018-12-10 08:39:36','2012-11-29 21:07:34'),(40,40,40,'docx',36451453,'994957739','2014-11-01 01:41:34','2010-09-10 19:40:29'),(41,41,41,'odg',0,'12300','2013-11-20 17:51:49','2014-09-07 22:23:22'),(42,42,42,'latex',647,'822859816','2017-04-11 03:53:35','2016-02-22 22:24:26'),(43,43,43,'ppam',672429,'1','2017-10-19 13:47:08','2019-08-13 10:18:56'),(44,44,44,'sv4cpio',513521319,'160638527','2020-02-02 14:54:28','2013-01-21 18:55:59'),(45,45,45,'dna',68948500,'493','2010-03-31 21:53:21','2016-06-16 20:01:19'),(46,46,46,'application',71546,'','2016-03-31 00:02:32','2014-12-24 17:21:32'),(47,47,47,'epub',56388,'1234966','2013-12-07 22:35:20','2017-06-28 00:11:01'),(48,48,48,'torrent',0,'','2019-04-06 12:29:07','2013-10-12 09:18:08'),(49,49,49,'fdf',540523151,'97','2013-06-25 16:28:57','2010-12-20 05:22:56'),(50,50,50,'xdp',69517793,'69383','2014-02-22 07:51:21','2012-11-25 14:46:56'),(51,51,51,'3gp',524537489,'951','2012-01-27 07:00:14','2013-04-22 13:48:45'),(52,52,52,'texi',884963985,'454229','2013-08-19 00:00:56','2020-02-05 23:54:57'),(53,53,53,'link66',892168324,'','2019-11-04 22:47:59','2016-09-08 16:26:19'),(54,54,54,'svgz',0,'315','2019-11-10 03:44:13','2016-12-11 09:49:21'),(55,55,55,'ulx',843714,'','2011-09-27 12:22:03','2013-08-25 00:20:07'),(56,56,56,'sql',7319,'4212','2019-10-23 13:20:55','2014-04-01 05:55:56'),(57,57,57,'rif',65,'','2014-03-11 16:05:34','2012-08-13 12:09:42'),(58,58,58,'pfa',871095923,'8759318','2011-04-26 08:10:20','2013-12-20 13:26:04'),(59,59,59,'chrt',80,'773','2010-04-24 12:41:34','2017-07-04 03:58:36'),(60,60,60,'w3d',166940635,'95','2010-07-17 18:26:48','2016-05-24 22:36:16'),(61,61,61,'uvvh',5,'677','2012-11-27 21:32:37','2019-10-10 00:11:15'),(62,62,62,'emma',0,'3067','2017-01-05 03:07:07','2016-11-28 17:06:21'),(63,63,63,'dvb',462896,'872830410','2014-08-28 23:29:21','2012-01-28 19:23:44'),(64,64,64,'chm',5137673,'24185','2013-03-04 22:12:52','2019-09-17 04:37:26'),(65,65,65,'wrl',639139,'','2014-06-23 23:21:13','2010-12-20 06:12:54'),(66,66,66,'fbs',1,'6409','2010-05-19 04:20:02','2018-04-15 19:38:49'),(67,67,67,'wmz',0,'168163','2011-08-23 19:17:12','2017-12-08 16:31:35'),(68,68,68,'yin',1986096,'52344986','2015-09-16 22:02:01','2015-08-13 21:39:53'),(69,69,69,'x3db',28341,'','2015-09-11 13:07:45','2013-09-20 00:22:50'),(70,70,70,'mmf',11,'84','2014-07-21 12:35:52','2014-05-22 19:57:34'),(71,71,71,'std',4,'65740','2019-08-26 09:46:07','2011-12-20 08:09:02'),(72,72,72,'htm',7399,'413560','2017-01-01 06:28:13','2016-11-14 15:40:17'),(73,73,73,'potm',9399842,'1364','2020-02-19 02:35:24','2015-04-04 08:56:38'),(74,74,74,'sse',27980,'58511900','2015-12-13 19:18:34','2019-03-21 22:16:30'),(75,75,75,'uvvs',2819,'2895','2013-01-02 02:24:36','2019-03-05 00:55:05'),(76,76,76,'vcd',95,'4','2015-10-04 16:05:30','2018-08-11 22:50:05'),(77,77,77,'ait',4610436,'497','2010-12-30 18:36:03','2017-01-17 14:59:26'),(78,78,78,'icm',74625855,'1862476','2019-10-10 03:57:59','2015-05-26 13:59:23'),(79,79,79,'fst',596734677,'934','2014-07-24 23:20:54','2011-06-03 15:43:57'),(80,80,80,'fig',89318,'8','2017-04-13 06:20:53','2019-07-26 20:39:37'),(81,81,81,'wm',8130244,'992512491','2012-01-13 23:43:34','2016-12-08 11:45:45'),(82,82,82,'bed',12182906,'672111','2019-09-22 00:14:43','2015-07-09 16:04:56'),(83,83,83,'f',340921,'93015556','2016-08-23 00:08:31','2018-07-24 05:11:12'),(84,84,84,'pskcxml',3283,'6','2020-02-29 17:36:03','2013-11-02 02:32:14'),(85,85,85,'ots',679626170,'182','2010-04-23 04:07:02','2019-07-15 23:09:22'),(86,86,86,'dgc',357,'610720','2018-06-29 01:47:13','2017-05-27 01:42:32'),(87,87,87,'uvu',4,'139294944','2015-11-25 00:02:16','2014-11-24 08:06:53'),(88,88,88,'f4v',4549,'4','2017-03-27 23:23:57','2013-01-07 21:23:40'),(89,89,89,'ftc',9447843,'505925812','2015-08-21 11:17:55','2014-11-01 18:38:32'),(90,90,90,'omdoc',5586204,'163','2011-08-31 22:38:10','2012-02-09 00:42:57'),(91,91,91,'silo',490832,'754437','2017-12-01 18:15:27','2014-10-24 06:27:16'),(92,92,92,'stf',1129,'830512152','2012-10-24 10:19:14','2012-03-05 08:02:56'),(93,93,93,'mseq',280941698,'10444012','2013-08-21 16:36:36','2011-09-24 18:35:27'),(94,94,94,'h263',0,'94673','2015-10-16 04:06:09','2012-10-26 23:38:04'),(95,95,95,'tex',27903,'59669816','2012-02-02 13:41:46','2012-01-18 06:35:11'),(96,96,96,'xbm',60170147,'','2011-07-29 17:28:42','2019-11-05 04:31:11'),(97,97,97,'ppsm',656,'160514039','2018-08-21 18:40:47','2014-01-13 13:30:00'),(98,98,98,'pgn',2933,'857','2013-11-04 11:45:02','2015-10-08 17:52:49'),(99,99,99,'air',627,'998','2017-05-03 17:54:47','2012-06-03 16:59:29'),(100,100,100,'pgm',19047768,'','2011-03-11 19:04:43','2011-02-06 22:06:12');
/*!40000 ALTER TABLE `media` ENABLE KEYS */;
UNLOCK TABLES;

--
-- Table structure for table `media_types`
--

DROP TABLE IF EXISTS `media_types`;
/*!40101 SET @saved_cs_client     = @@character_set_client */;
/*!50503 SET character_set_client = utf8mb4 */;
CREATE TABLE `media_types` (
  `id` int unsigned NOT NULL AUTO_INCREMENT,
  `name` varchar(255) CHARACTER SET utf8 COLLATE utf8_unicode_ci NOT NULL,
  PRIMARY KEY (`id`),
  UNIQUE KEY `name` (`name`)
) ENGINE=InnoDB AUTO_INCREMENT=101 DEFAULT CHARSET=utf8 COLLATE=utf8_unicode_ci;
/*!40101 SET character_set_client = @saved_cs_client */;

--
-- Dumping data for table `media_types`
--

LOCK TABLES `media_types` WRITE;
/*!40000 ALTER TABLE `media_types` DISABLE KEYS */;
INSERT INTO `media_types` VALUES (14,'ab'),(44,'accusamus'),(76,'accusantium'),(19,'ad'),(24,'aliquid'),(27,'animi'),(38,'architecto'),(82,'asperiores'),(88,'assumenda'),(32,'aut'),(96,'autem'),(11,'beatae'),(92,'commodi'),(51,'consequatur'),(73,'consequuntur'),(89,'corporis'),(71,'cumque'),(23,'cupiditate'),(57,'debitis'),(25,'deserunt'),(8,'dicta'),(10,'distinctio'),(74,'dolor'),(56,'doloremque'),(28,'doloribus'),(53,'earum'),(33,'eligendi'),(41,'enim'),(68,'error'),(13,'est'),(1,'et'),(22,'eveniet'),(90,'excepturi'),(97,'fugiat'),(58,'fugit'),(77,'harum'),(15,'hic'),(72,'id'),(37,'illum'),(64,'in'),(61,'incidunt'),(30,'ipsa'),(100,'ipsam'),(83,'ipsum'),(55,'iste'),(31,'iure'),(70,'laborum'),(29,'laudantium'),(81,'magnam'),(99,'magni'),(12,'molestiae'),(69,'molestias'),(39,'mollitia'),(62,'nam'),(49,'nesciunt'),(98,'nihil'),(9,'nisi'),(95,'non'),(93,'nostrum'),(46,'occaecati'),(87,'odio'),(5,'odit'),(85,'officia'),(54,'officiis'),(48,'omnis'),(4,'optio'),(36,'perferendis'),(67,'perspiciatis'),(34,'placeat'),(60,'quae'),(45,'quaerat'),(52,'quam'),(78,'qui'),(3,'quia'),(2,'ratione'),(65,'recusandae'),(50,'reiciendis'),(35,'rem'),(86,'reprehenderit'),(43,'repudiandae'),(40,'rerum'),(63,'sed'),(21,'sequi'),(6,'similique'),(42,'sint'),(47,'sunt'),(17,'suscipit'),(26,'temporibus'),(75,'tenetur'),(94,'ullam'),(84,'unde'),(7,'ut'),(80,'vel'),(18,'velit'),(66,'veritatis'),(79,'voluptas'),(91,'voluptate'),(20,'voluptatem'),(59,'voluptatibus'),(16,'voluptatum');
/*!40000 ALTER TABLE `media_types` ENABLE KEYS */;
UNLOCK TABLES;

--
-- Table structure for table `messages`
--

DROP TABLE IF EXISTS `messages`;
/*!40101 SET @saved_cs_client     = @@character_set_client */;
/*!50503 SET character_set_client = utf8mb4 */;
CREATE TABLE `messages` (
  `id` int unsigned NOT NULL AUTO_INCREMENT,
  `from_user_id` int unsigned NOT NULL,
  `to_user_id` int unsigned NOT NULL,
  `body` text CHARACTER SET utf8 COLLATE utf8_unicode_ci NOT NULL,
  `is_important` tinyint(1) DEFAULT NULL,
  `is_delivered` tinyint(1) DEFAULT NULL,
  `created_at` datetime DEFAULT CURRENT_TIMESTAMP,
  PRIMARY KEY (`id`)
) ENGINE=InnoDB AUTO_INCREMENT=101 DEFAULT CHARSET=utf8 COLLATE=utf8_unicode_ci;
/*!40101 SET character_set_client = @saved_cs_client */;

--
-- Dumping data for table `messages`
--

LOCK TABLES `messages` WRITE;
/*!40000 ALTER TABLE `messages` DISABLE KEYS */;
INSERT INTO `messages` VALUES (1,1,1,'Aut ducimus molestiae earum. Et tempora provident earum. Expedita quos ut voluptas sed.',0,0,'2018-12-14 23:44:59'),(2,2,2,'Eius amet quidem maiores suscipit commodi. Suscipit omnis ex enim minima id. Rerum corrupti occaecati qui aliquid quae possimus ea. Culpa iusto distinctio ad ut.',0,1,'2016-03-22 01:46:26'),(3,3,3,'Sit sint ut aspernatur eaque velit. Itaque minus aut quas quo. Earum laborum temporibus at laboriosam quia et.',0,0,'2017-02-18 03:58:12'),(4,4,4,'Hic cupiditate quisquam dicta sint. Quo eum enim ut enim. Vitae earum fugiat perferendis at. Ipsum dolorem aut quaerat optio odio aut quia.',0,1,'2015-04-28 20:54:23'),(5,5,5,'Voluptas facilis necessitatibus dolor est facilis suscipit corrupti. Itaque et repellendus sed autem odio. Quo consequatur ut molestiae necessitatibus sequi.',0,0,'2014-01-23 11:47:09'),(6,6,6,'Excepturi ipsum eum ea. Nihil quis qui dolorem odit amet. Ullam ea voluptatem sed sed. In dolores nihil unde id.',0,0,'2013-06-19 14:31:54'),(7,7,7,'Quidem nobis omnis consequuntur rem molestiae neque. Consequatur quas pariatur rem et beatae fugiat. Consequatur laboriosam pariatur sed accusamus adipisci magni. Ea magni dicta est alias.',1,0,'2020-01-11 18:19:26'),(8,8,8,'Officia esse hic enim aut aut culpa sit nihil. Rerum vitae nam ut ullam dolorum commodi rem. Similique recusandae voluptates labore eaque at libero consequatur doloremque. Adipisci et pariatur et et quis.',0,0,'2020-02-15 12:46:41'),(9,9,9,'Asperiores quod quos quidem aspernatur qui explicabo. Deleniti exercitationem unde quibusdam. Ratione eaque perferendis ut omnis tenetur.',0,0,'2015-07-07 11:16:55'),(10,10,10,'Sed occaecati voluptatem aut cum. Ex dicta similique distinctio a. Inventore nostrum ut consequatur esse repellendus.',1,0,'2016-03-13 04:57:09'),(11,11,11,'Nisi non sint sunt iste neque illum. Perferendis omnis voluptatem at blanditiis omnis nostrum iusto. Perspiciatis sit quo quos omnis. Et qui id aliquam numquam amet pariatur et.',0,1,'2018-06-30 01:29:04'),(12,12,12,'Similique et ad quia velit et ut. Laborum voluptatum culpa iusto officiis. Dolor tenetur ad voluptates omnis omnis tenetur sit.',1,1,'2018-07-20 05:28:45'),(13,13,13,'Ut dolore omnis quis facere vero. Labore est adipisci doloremque accusantium. Vel et non voluptatem sed.',0,1,'2015-10-10 07:10:13'),(14,14,14,'Numquam magni omnis itaque commodi velit sed. Voluptas ut aliquid voluptatem excepturi minus. Illo doloremque animi itaque.',0,0,'2018-08-20 04:33:39'),(15,15,15,'Delectus dignissimos tempora accusantium. Blanditiis eligendi sint voluptatem aut voluptates est. Nostrum non aut explicabo ad ut consequuntur doloremque.',0,1,'2019-11-12 08:33:00'),(16,16,16,'Modi dolores provident dolores fugiat. Eum qui sit totam assumenda possimus quo voluptate est. Accusantium a sit labore facere vitae nihil. Dolorem soluta officiis recusandae veniam accusamus iure aliquam.',0,1,'2018-12-12 16:56:23'),(17,17,17,'Quaerat vel dicta sed dolores id occaecati natus. Esse et eligendi et rerum fugit sunt. Aut a molestiae laboriosam porro et nostrum. Sint tempora voluptatem voluptatem eos repellat.',1,1,'2011-04-21 02:30:42'),(18,18,18,'Adipisci culpa ipsam eaque aut recusandae. Eaque molestiae accusantium necessitatibus vel sit. Voluptatem perferendis vel molestiae. Sint similique et sint fugit molestiae.',0,0,'2019-03-09 10:50:24'),(19,19,19,'Voluptatibus assumenda delectus id. Tempore doloribus est quis rerum nihil adipisci. Sit tenetur voluptatum qui.',1,1,'2020-01-29 20:08:17'),(20,20,20,'Quam soluta similique ea ut. Rerum quasi vel distinctio impedit. Libero rerum veritatis laboriosam dolorem veritatis.',0,1,'2012-08-11 01:30:05'),(21,21,21,'Iure est deserunt placeat perferendis ipsa illo dolorem. Est cupiditate dolor nostrum perspiciatis expedita veritatis et. Sunt optio fugiat et.',1,0,'2015-08-11 18:12:18'),(22,22,22,'Sit quae magnam quibusdam et dolorum pariatur. Quasi quia rerum et rerum non. Alias saepe qui sit adipisci molestiae laudantium. Et consequatur corrupti aut nobis autem quia aut aliquid.',0,0,'2011-09-07 02:04:48'),(23,23,23,'Nemo labore corporis dolor odit. Consequatur aut id a id voluptatem eius delectus maxime. Repellendus et incidunt aspernatur est sint.',0,1,'2014-10-14 16:04:13'),(24,24,24,'Exercitationem nemo et omnis dicta voluptas. Voluptas qui hic temporibus. Et pariatur veniam eum quam quo blanditiis ea commodi. Aut molestias veniam odio dignissimos eos.',1,1,'2017-09-25 01:56:27'),(25,25,25,'Voluptas assumenda quaerat tenetur tempora hic. Quisquam pariatur voluptas voluptatum qui impedit. Blanditiis ipsa ut numquam ut. Debitis dolor rerum voluptas eveniet pariatur.',0,0,'2018-05-13 11:15:41'),(26,26,26,'Quae exercitationem sit facilis officiis sit nemo quam. Nulla est similique exercitationem esse ullam. Rerum doloribus vel neque beatae quos.',0,0,'2015-06-20 01:03:17'),(27,27,27,'Eos earum id ut reiciendis rem adipisci. Sequi voluptatibus incidunt voluptates. Necessitatibus nihil molestias eius veritatis voluptatum magni et.',1,1,'2018-02-23 15:39:13'),(28,28,28,'Ut exercitationem eius a commodi rerum quos sint et. Laborum ut delectus est et eveniet. Voluptas molestiae nemo ut. Non est impedit numquam perferendis aperiam laboriosam et voluptatem. Voluptatem voluptate qui consequuntur deleniti architecto.',0,1,'2018-09-16 09:38:08'),(29,29,29,'Repellat a ullam nesciunt corporis cumque animi et. Quisquam quo nulla at laboriosam et voluptate deleniti nesciunt. Vero amet inventore laboriosam voluptas.',1,1,'2014-04-01 10:12:10'),(30,30,30,'Laboriosam deserunt voluptatem eius possimus dicta non. Exercitationem numquam minus dolor consequatur laborum mollitia. Sequi sapiente soluta recusandae. Consequatur occaecati libero quos omnis et est est.',0,0,'2018-10-02 14:38:12'),(31,31,31,'Itaque voluptatibus necessitatibus ut pariatur veniam magnam. Sit dolorum praesentium at voluptatem. A temporibus molestiae voluptatem est eaque tempore quibusdam reiciendis.',0,0,'2014-09-08 07:27:07'),(32,32,32,'Et qui voluptatem magni facere quibusdam. Illum illum voluptatem accusamus debitis quas rerum. Possimus neque voluptas nihil nulla.',0,0,'2012-10-22 22:21:53'),(33,33,33,'Ducimus quibusdam deserunt odit deserunt illo aut accusamus et. Voluptatem velit perferendis quos culpa ea. Minima laudantium aut est dicta iste. Voluptate ad deleniti qui dolorem aliquam. Sed vel et rerum et vitae dolores perspiciatis vel.',0,0,'2019-12-31 13:30:19'),(34,34,34,'Reiciendis non quas commodi aut enim enim occaecati. Quis nulla iusto ut quis. Voluptatibus facere omnis tempora et a laudantium laborum.',0,0,'2015-09-07 07:50:43'),(35,35,35,'Sapiente sapiente harum eveniet alias. Minima aut assumenda ut voluptatem. Veniam fugit sit voluptates numquam velit quia.',0,0,'2013-11-23 10:30:31'),(36,36,36,'Et sint id temporibus saepe dicta. Quidem dolores pariatur blanditiis. Et quos accusamus sapiente voluptatem ipsa.',0,1,'2012-01-21 20:37:37'),(37,37,37,'Perferendis voluptas corrupti natus ratione quia voluptatem. Incidunt corporis id officia qui enim inventore. Asperiores illum quae fugiat ducimus esse. Reiciendis commodi aut et a excepturi ratione.',0,1,'2014-07-08 08:10:18'),(38,38,38,'Sit consequuntur enim odio. Ut est nisi et omnis aspernatur asperiores. Vel ducimus accusantium nemo voluptates. Sit doloribus doloribus numquam et enim. Error voluptas aliquid perspiciatis sed doloremque.',1,1,'2015-12-26 19:10:44'),(39,39,39,'Perspiciatis velit qui nemo accusamus et. Molestiae saepe omnis possimus et veniam autem unde. Dolore modi minus consectetur sint maxime quis sapiente.',0,1,'2017-12-07 03:57:53'),(40,40,40,'Quis omnis blanditiis aut aut perspiciatis. Incidunt eum voluptas unde aliquam adipisci. Dolore doloremque expedita natus ab.',0,0,'2011-06-08 02:27:55'),(41,41,41,'Voluptate minus est qui. Tempore animi maiores sit alias excepturi a. Voluptatem a rerum dignissimos nostrum velit nihil. Ea architecto ut repellendus consequatur officia explicabo voluptatem.',0,0,'2019-02-19 07:04:35'),(42,42,42,'Mollitia facilis id consequuntur. Sint cum aspernatur porro beatae autem sit. Dolorem qui quaerat nihil iusto velit.',0,1,'2019-01-19 00:26:53'),(43,43,43,'Natus dolorem excepturi quo animi minus quia veritatis. Doloribus est porro dolore velit non esse veritatis vel. Autem sed deleniti nemo. Voluptatem similique quae assumenda est quos sequi veniam occaecati.',1,1,'2015-06-25 22:04:04'),(44,44,44,'Est modi deleniti voluptatem sequi illum eius. Vel quod mollitia unde. Sed minus id deserunt doloribus dolor sit sapiente. Voluptatem distinctio facilis laboriosam unde.',0,0,'2019-06-02 20:20:08'),(45,45,45,'Molestias occaecati quaerat sed rem id nobis nam. Eaque eveniet totam at earum suscipit dolor. Ipsa quis placeat est ut tenetur impedit fuga.',0,1,'2019-09-28 04:08:15'),(46,46,46,'Possimus est ea in possimus molestiae id reprehenderit fuga. Dignissimos vero deleniti id ut autem. Omnis illo magni ratione hic nihil est sit. Et deleniti et et nihil ut facilis in. Labore ea qui nemo distinctio.',1,1,'2011-10-01 05:31:14'),(47,47,47,'Occaecati doloremque voluptatibus labore et sit rerum deserunt. Animi quam quasi labore illum porro. Nesciunt cumque est et rerum debitis impedit.',1,0,'2012-04-19 15:22:08'),(48,48,48,'Suscipit at autem et porro sequi itaque quas. Beatae id tempore voluptatem dolorem nemo labore fuga. Saepe voluptas cumque laboriosam ullam non accusamus consectetur hic. Sed aut deserunt veniam quo vel quis. Ut tempora est repellat impedit.',1,1,'2016-12-17 21:48:08'),(49,49,49,'Et accusamus autem temporibus odit. Voluptatem ipsa aut sunt laudantium corrupti sed dignissimos. Quia sed eligendi quis aut nisi veniam dolorem.',0,1,'2017-10-18 02:16:18'),(50,50,50,'Nihil sed at veniam iusto voluptatem sit voluptas perspiciatis. Adipisci adipisci deleniti in ducimus animi quo. Quaerat unde error nulla ab ut ipsum. Ullam officiis officiis dolores natus dolorum ut.',1,0,'2014-08-26 09:01:57'),(51,51,51,'Suscipit autem placeat voluptas itaque. Sed illum veniam beatae et. Illo dolore fugiat dicta et modi aut consectetur. Amet ut voluptas voluptatem non sint.',0,1,'2014-07-22 03:14:37'),(52,52,52,'Id maiores necessitatibus id ut pariatur eaque. Pariatur omnis vel necessitatibus consequatur aut voluptate deleniti. Et nihil aspernatur consectetur sint. Est amet aut laudantium doloribus in.',1,1,'2017-06-02 15:58:52'),(53,53,53,'Nulla repellat non placeat maiores a aut. Est sed qui fuga nobis atque. Sint et perferendis eaque ab. Laboriosam temporibus possimus et quae nobis.',0,0,'2012-03-24 01:00:14'),(54,54,54,'Non et est vel. Accusamus enim ex id earum et molestiae. Dolorem libero itaque sed voluptatem non ratione. Doloribus rem omnis molestias voluptatem voluptas.',0,0,'2015-12-07 21:38:35'),(55,55,55,'Iure accusantium numquam sed occaecati enim quae quod. Pariatur et quisquam sit culpa a. Et reprehenderit saepe magnam possimus aut repudiandae ut eum. Voluptatem enim nihil eius impedit.',0,0,'2015-04-11 06:11:24'),(56,56,56,'Perferendis nihil est recusandae. Itaque commodi consequuntur fugit sit et consequatur. Nihil excepturi libero totam amet. Velit ipsum illum eaque est temporibus labore quaerat nesciunt.',0,1,'2012-03-27 18:01:55'),(57,57,57,'Maxime non dicta sequi ad velit at sapiente. Porro molestias et totam unde. Fuga numquam assumenda amet consectetur.',0,0,'2012-05-27 19:47:46'),(58,58,58,'Non est quasi ab expedita dolorem. Commodi ea laudantium nostrum nulla. Placeat dolorum cumque voluptatum voluptas culpa nesciunt commodi iste. Quis eos quam corporis ratione quia eum.',1,0,'2014-11-18 18:24:41'),(59,59,59,'Sit rerum aliquid aut est. Voluptatem velit dolor consequuntur et tempora. Quaerat et sed non et molestiae delectus et. Consequatur quae blanditiis expedita qui sint ut aspernatur.',0,1,'2018-11-13 19:32:51'),(60,60,60,'Officia magnam veritatis adipisci modi dolorem maiores suscipit. Omnis facilis blanditiis ad numquam inventore omnis. Rerum facilis sint et reiciendis et voluptas.',0,0,'2017-06-10 19:58:34'),(61,61,61,'Sit adipisci saepe qui quia. Voluptas optio animi excepturi numquam consequatur doloremque atque.',0,0,'2019-04-25 00:38:35'),(62,62,62,'Maxime molestiae iste asperiores. Aliquid earum deserunt sint sunt doloribus. Earum et sapiente eum est qui. Id eos aspernatur quis dolores.',0,0,'2017-05-31 03:41:21'),(63,63,63,'Et amet et et eos repellendus veniam. Hic quia nulla eos voluptatibus saepe non dolorem nisi.',1,1,'2011-06-03 18:50:02'),(64,64,64,'Placeat numquam totam est voluptatem ad est deleniti. Similique assumenda et sit quia. Ullam aut ut ratione voluptatum dignissimos culpa. Quisquam id est non dolor aut voluptas.',1,1,'2019-01-21 09:52:16'),(65,65,65,'Consectetur nihil inventore alias culpa ut. Quia ipsa iste aliquid odit. Accusantium sed voluptatem aut amet quia repellendus. Dignissimos alias doloribus animi.',0,1,'2018-04-01 03:26:05'),(66,66,66,'Qui omnis maxime quia in qui. Ut veniam occaecati iste facilis sapiente itaque quis. Ab atque libero aut voluptatem velit recusandae omnis. Magnam ut ut sed vel ut.',0,0,'2012-09-19 23:30:29'),(67,67,67,'Vel tempore quo ea nisi voluptate. Enim autem magnam quis qui et nostrum repudiandae. Est voluptas laudantium velit quas et et voluptatem.',0,0,'2011-04-19 01:37:26'),(68,68,68,'Soluta quidem praesentium nostrum sint delectus. Asperiores non ut ad beatae. Voluptatum quisquam aspernatur et voluptas.',1,1,'2019-04-24 03:57:25'),(69,69,69,'Et est quos cumque dolorum unde quis. Voluptas quibusdam eius magnam dolores sit est. Labore cumque expedita nobis qui omnis. Repellendus corrupti voluptatem doloremque eum quia.',0,0,'2017-01-30 17:02:59'),(70,70,70,'Eaque vitae repudiandae quia iste alias voluptatem. Accusantium quod sit excepturi qui sit possimus. Deserunt sequi suscipit dolor veniam corporis impedit quisquam.',1,1,'2015-02-14 21:45:50'),(71,71,71,'Perferendis labore et quia incidunt quas. Quia temporibus debitis voluptatem recusandae vitae sint ut. Ullam est velit officia est molestiae et.',1,1,'2012-03-17 15:26:47'),(72,72,72,'Vel nihil aut ratione et eos occaecati magnam. Dolor ut quo nihil. Ipsum doloremque deserunt id.',0,0,'2012-06-28 22:28:20'),(73,73,73,'Tempore consequuntur aut voluptatum illo sunt delectus. Beatae quae voluptate id voluptatem. Deserunt omnis alias sed. Perspiciatis consequatur eaque fuga vero esse.',0,1,'2010-11-16 02:40:44'),(74,74,74,'Totam magnam qui voluptatem et dicta maiores a ipsum. Exercitationem corrupti voluptatibus dolorem repellendus. Aut et eum deserunt.',0,1,'2014-03-08 01:08:11'),(75,75,75,'Natus et illum ea vero quia eveniet error. Laudantium necessitatibus reprehenderit illum nihil porro et in qui. Earum magni non doloremque est dolore. Illum hic aperiam sed et animi temporibus perspiciatis.',1,1,'2013-05-13 10:39:15'),(76,76,76,'Possimus saepe asperiores voluptatem beatae voluptate rerum iste. Nam eveniet perferendis sit sint magni dolorem repudiandae. Non dolorem temporibus dolores asperiores nihil voluptatibus soluta. Unde qui repellendus voluptates quasi.',1,1,'2013-11-11 04:05:14'),(77,77,77,'Debitis eveniet molestias minus eos magni. Repellendus quis quasi eligendi voluptatum omnis totam. Vitae totam et magni ratione reiciendis corporis tenetur.',1,1,'2012-08-29 05:51:36'),(78,78,78,'Unde quam eum fuga qui. Quasi voluptates vitae eligendi. Beatae iusto earum temporibus non magnam est beatae.',0,0,'2015-06-22 07:00:32'),(79,79,79,'Sed id et nesciunt aut veniam. Qui distinctio voluptatibus praesentium ratione quia non eius alias. Consequatur atque culpa velit sunt. Ut voluptatum neque est sit totam.',0,0,'2015-12-10 18:25:00'),(80,80,80,'Vero non alias laudantium sequi cumque. Vel sed consequatur itaque ea quo et. Id molestiae nihil dolorum earum. Quas reprehenderit laboriosam recusandae ad reiciendis aut distinctio. Est aut iste sit id quia est ipsam.',0,1,'2011-04-05 21:42:50'),(81,81,81,'Quis a maxime corrupti sint reiciendis ipsam velit. Voluptas minus optio accusamus nisi voluptas nam illum.',0,0,'2015-07-02 06:30:55'),(82,82,82,'Hic voluptas excepturi rerum nostrum sit quos. Nulla quis qui ut debitis id molestiae ipsam consequuntur. Maxime autem culpa itaque cumque.',0,1,'2015-09-22 00:50:38'),(83,83,83,'Eaque est unde velit accusamus ea. Neque necessitatibus nobis assumenda. Distinctio tempora nulla ad laboriosam cumque eius. Dolorum vero nihil iure sint.',0,1,'2016-06-05 15:16:09'),(84,84,84,'In totam aut ipsa voluptatem aspernatur. Eum eaque perspiciatis facilis sint minus. Aut et est et officia a eius nihil. Et quas labore excepturi.',0,1,'2018-12-12 01:17:06'),(85,85,85,'Recusandae ea est facilis laboriosam accusantium culpa natus. Nostrum distinctio laborum eaque consectetur adipisci at iure. Esse odio earum itaque distinctio perspiciatis dolorem.',1,0,'2015-01-18 23:42:24'),(86,86,86,'Eos veritatis alias reiciendis et id praesentium a. Quidem fugiat magnam dolor magnam. Magnam occaecati ad sunt ipsum et optio nihil.',0,1,'2017-06-20 01:58:13'),(87,87,87,'Magnam ut architecto dignissimos incidunt aut ut. Vel ea vel qui ipsam quia. Natus laborum ea similique facere repudiandae sit. Est veritatis nostrum mollitia amet deleniti est ab.',1,1,'2011-03-09 18:25:04'),(88,88,88,'Cupiditate dolores nihil eos dolor eos. Laborum eos et pariatur iste voluptatibus labore odio. Quasi deleniti tenetur voluptatem error qui.',0,1,'2013-03-28 00:17:20'),(89,89,89,'Quam rerum id explicabo pariatur amet quaerat quos quia. Qui eos assumenda animi rerum eum. Nostrum qui omnis quas non et.',1,1,'2012-11-24 16:09:47'),(90,90,90,'Dolor quia eos in omnis officiis. Repellat dolorem eveniet perspiciatis nulla omnis. Eligendi assumenda similique et ipsum. Autem et repellendus voluptas quae similique officiis.',0,1,'2018-02-16 13:28:02'),(91,91,91,'Repudiandae reprehenderit at cumque. Aperiam accusamus itaque et eum. Ut neque porro placeat neque odio sapiente occaecati. Laborum est occaecati sit quis qui explicabo et impedit.',1,0,'2019-01-26 21:12:11'),(92,92,92,'Quibusdam quasi delectus omnis ipsa nam facilis. Nesciunt ut veritatis architecto possimus possimus dolorum rerum. Ducimus id aliquid dolor dolorem eum. Voluptates id dignissimos quia iure neque dolore.',1,1,'2018-08-19 07:16:13'),(93,93,93,'Aut est odit placeat distinctio praesentium ut magni. Recusandae placeat eveniet tempora deserunt. Facilis eum dolores eius non. Nihil officiis odio nostrum. Occaecati laudantium cum dolor occaecati et ad expedita et.',0,1,'2018-03-18 14:15:31'),(94,94,94,'Aliquam nulla consequatur et voluptatem enim quasi et. Ut et ea reprehenderit officiis quos aperiam.',1,0,'2014-04-08 02:20:55'),(95,95,95,'Quibusdam corporis architecto temporibus quibusdam ea cupiditate sit. Voluptatem sequi vel quidem autem et. Et aperiam dolorem tempora dolore.',1,0,'2016-03-13 17:39:00'),(96,96,96,'Nemo rem doloribus quisquam velit. Perspiciatis nesciunt amet ut reprehenderit. Unde magnam asperiores error deleniti officiis voluptas.',1,0,'2015-02-19 13:29:10'),(97,97,97,'Odio sint quae aut reiciendis non. Alias facere qui autem enim. Repellat voluptatem itaque autem est quod ut. Delectus rerum sed voluptas at eum quas.',1,1,'2016-04-29 15:56:12'),(98,98,98,'Similique ipsam ullam odit sint dolore. Sed neque autem illo id et voluptatem rerum. Velit esse consequatur repudiandae vel et delectus. Consequuntur sint dolorem quas quam. Maiores officia omnis sunt quia.',0,1,'2018-08-29 20:42:00'),(99,99,99,'Et eveniet perspiciatis et molestias unde incidunt. Odio necessitatibus totam sit. Earum in nostrum aut ut sunt. Consequatur quae labore dolor.',0,1,'2019-11-08 05:47:37'),(100,100,100,'Laboriosam dolorem doloribus voluptatem eligendi. Autem quo est illum et itaque. Voluptatibus reiciendis enim nihil quo inventore officiis a maxime.',0,0,'2013-06-26 16:13:35');
/*!40000 ALTER TABLE `messages` ENABLE KEYS */;
UNLOCK TABLES;

--
-- Table structure for table `profiles`
--

DROP TABLE IF EXISTS `profiles`;
/*!40101 SET @saved_cs_client     = @@character_set_client */;
/*!50503 SET character_set_client = utf8mb4 */;
CREATE TABLE `profiles` (
  `user_id` int unsigned NOT NULL,
  `gender` char(1) CHARACTER SET utf8 COLLATE utf8_unicode_ci NOT NULL,
  `birthday` date DEFAULT NULL,
  `city` varchar(100) CHARACTER SET utf8 COLLATE utf8_unicode_ci DEFAULT NULL,
  `country` varchar(100) CHARACTER SET utf8 COLLATE utf8_unicode_ci DEFAULT NULL,
  `photo_id` int unsigned NOT NULL,
  `created_at` datetime DEFAULT CURRENT_TIMESTAMP,
  `updated_at` datetime DEFAULT CURRENT_TIMESTAMP ON UPDATE CURRENT_TIMESTAMP,
  PRIMARY KEY (`user_id`)
) ENGINE=InnoDB DEFAULT CHARSET=utf8 COLLATE=utf8_unicode_ci;
/*!40101 SET character_set_client = @saved_cs_client */;

--
-- Dumping data for table `profiles`
--

LOCK TABLES `profiles` WRITE;
/*!40000 ALTER TABLE `profiles` DISABLE KEYS */;
INSERT INTO `profiles` VALUES (1,'m','1994-09-12','Serenamouth','Aruba',81,'2018-05-02 07:32:46','2012-07-21 17:33:32'),(2,'m','1989-09-28','West Felipe','Korea',99,'2018-11-25 07:17:15','2015-04-23 06:15:25'),(3,'f','1970-08-10','New Shane','Afghanistan',21,'2018-03-01 02:16:35','2016-01-19 09:35:11'),(4,'f','1985-06-18','East Jerald','Honduras',23,'2010-10-07 20:38:18','2014-06-30 11:07:32'),(5,'m','1988-12-03','Zackmouth','Nigeria',9,'2015-05-27 10:54:46','2017-12-02 07:25:15'),(6,'f','1990-09-14','Roycechester','Niue',95,'2014-07-20 15:57:10','2010-12-17 15:57:16'),(7,'f','1972-01-13','Richmondton','Australia',93,'2018-12-05 00:33:28','2017-08-26 18:37:19'),(8,'m','1977-09-29','Port Sherwoodtown','Georgia',19,'2019-11-13 11:28:55','2010-12-22 02:19:56'),(9,'m','1971-05-22','Nikolaustown','Sudan',60,'2019-10-19 05:02:32','2010-07-15 02:01:10'),(10,'f','1978-04-28','Pollichburgh','Martinique',39,'2014-08-24 09:00:46','2020-03-08 02:31:19'),(11,'f','1992-07-08','North Wilhelmineberg','Guyana',6,'2014-09-02 22:19:59','2019-09-13 08:03:33'),(12,'m','1998-12-09','North Katelinchester','Solomon Islands',79,'2019-02-18 13:38:20','2017-12-16 02:13:08'),(13,'m','1999-06-19','Lake Laneyfurt','Colombia',39,'2013-07-24 23:30:46','2011-05-16 07:04:02'),(14,'f','1993-10-17','Janismouth','Saint Pierre and Miquelon',12,'2017-08-19 23:21:57','2010-12-05 14:35:58'),(15,'f','1999-04-03','New Hannah','Honduras',17,'2015-12-17 10:55:07','2017-06-14 22:56:26'),(16,'f','1981-12-11','Dibbertbury','Reunion',60,'2012-11-29 23:03:26','2011-09-02 05:45:20'),(17,'f','1983-10-18','New Glen','Northern Mariana Islands',38,'2018-10-19 21:11:02','2019-05-01 11:05:57'),(18,'m','1990-06-30','Schadenmouth','Tajikistan',87,'2020-01-25 16:59:40','2010-11-05 06:39:47'),(19,'f','2006-11-12','East Nickolasstad','Cocos (Keeling) Islands',74,'2014-03-15 15:09:05','2015-09-29 05:49:55'),(20,'m','1985-11-11','Yundtshire','Cambodia',19,'2010-10-25 17:35:15','2018-08-23 22:23:22'),(21,'f','2002-01-30','Lake Gay','Denmark',69,'2015-08-09 12:03:43','2012-06-08 18:40:32'),(22,'m','2019-09-05','Keelingshire','Iran',92,'2018-03-19 06:58:43','2010-08-20 17:05:22'),(23,'f','1986-02-07','Klingborough','Paraguay',12,'2012-04-11 12:38:18','2015-08-12 05:51:54'),(24,'m','1974-05-31','Lizzieburgh','Turkmenistan',99,'2017-09-14 15:17:08','2011-03-07 10:44:33'),(25,'f','2010-11-23','Port Ariel','Somalia',18,'2010-05-05 12:39:11','2018-05-21 03:00:14'),(26,'f','2019-10-06','New Jarodshire','Tokelau',88,'2018-02-01 07:45:47','2018-06-08 09:48:11'),(27,'m','1987-12-22','Lake Vickiechester','Nigeria',42,'2017-09-02 13:20:16','2013-07-25 10:08:57'),(28,'m','2009-01-08','West Elfrieda','Tokelau',88,'2012-01-22 07:11:36','2017-10-22 23:44:25'),(29,'m','1979-10-16','Braxtonburgh','Belarus',47,'2010-07-24 05:01:53','2016-03-23 04:27:37'),(30,'m','2000-07-12','Port Jazlynberg','Christmas Island',26,'2010-08-16 20:20:33','2014-09-13 03:55:49'),(31,'f','2007-01-03','Port Linnie','Azerbaijan',32,'2014-06-20 19:53:39','2011-03-11 08:32:30'),(32,'m','1985-04-09','Stewartstad','Faroe Islands',67,'2014-07-13 01:58:15','2011-08-18 21:17:09'),(33,'f','1985-06-07','Port Abdiel','Philippines',98,'2015-03-19 01:50:37','2016-02-10 18:49:45'),(34,'f','2005-05-30','Karichester','Malaysia',23,'2011-12-13 01:29:49','2012-02-21 07:10:53'),(35,'f','2011-08-16','New Jefferymouth','Mongolia',19,'2011-07-15 07:33:36','2016-09-07 07:17:24'),(36,'f','2011-04-16','New Bethanyside','South Georgia and the South Sandwich Islands',22,'2016-04-22 12:46:33','2014-12-30 00:03:32'),(37,'m','1986-01-03','New Braxton','Haiti',33,'2019-01-23 23:42:18','2018-05-06 11:59:07'),(38,'m','2010-06-03','Parkerstad','Luxembourg',37,'2017-07-16 06:07:58','2018-06-07 03:54:42'),(39,'f','2009-08-08','Bergeshire','Djibouti',7,'2010-06-02 23:12:28','2018-11-19 00:09:24'),(40,'m','1975-01-15','South Gaylefort','Dominica',85,'2012-09-29 18:48:02','2016-11-11 17:20:59'),(41,'m','2009-05-12','South Jazmynstad','Liechtenstein',50,'2010-04-16 21:21:15','2017-01-07 00:18:45'),(42,'m','1995-03-25','Wolfftown','Lithuania',16,'2012-01-28 09:47:26','2015-07-30 09:31:41'),(43,'f','1985-02-16','West Tinatown','Namibia',83,'2019-11-18 07:31:44','2014-02-10 01:54:12'),(44,'f','1993-05-10','Noeliaberg','Syrian Arab Republic',76,'2018-01-02 03:02:31','2012-03-22 17:13:32'),(45,'m','2005-01-03','Port Rudyport','Holy See (Vatican City State)',65,'2017-03-21 12:08:58','2018-06-09 08:15:15'),(46,'f','2003-05-19','Carminefurt','Vanuatu',56,'2017-08-15 08:54:30','2019-12-18 03:03:52'),(47,'m','1992-04-18','East Polly','Mexico',75,'2013-07-07 08:29:04','2017-04-08 06:32:36'),(48,'m','1990-05-21','Vonhaven','Liechtenstein',86,'2010-12-16 09:24:58','2020-02-27 15:41:03'),(49,'f','2011-03-10','Billtown','Central African Republic',75,'2013-02-12 00:23:19','2019-04-24 09:30:56'),(50,'f','1970-10-06','Jacobsonchester','Dominican Republic',97,'2019-05-08 03:36:29','2014-05-11 10:30:07'),(51,'m','1989-10-30','Rennerville','Palau',36,'2018-08-30 20:45:59','2010-07-08 21:01:59'),(52,'m','2002-06-27','Mannshire','Albania',38,'2019-11-12 09:30:00','2020-03-30 03:06:43'),(53,'m','1981-06-30','Alecside','Angola',23,'2017-12-13 19:36:43','2017-12-03 11:11:29'),(54,'m','1975-04-11','Powlowskifort','Timor-Leste',40,'2014-04-25 06:03:13','2019-09-04 02:22:45'),(55,'f','2003-03-24','Lake Benjaminburgh','Taiwan',43,'2010-06-13 06:13:07','2016-04-14 18:29:58'),(56,'f','2007-01-07','Jeffereyview','Venezuela',51,'2016-08-01 14:46:57','2013-09-08 20:16:39'),(57,'f','1994-01-05','Lake Abbigailland','Sweden',77,'2012-03-25 15:50:06','2015-10-09 19:12:49'),(58,'m','1973-09-12','West Nadiamouth','United States of America',56,'2017-07-12 18:18:12','2012-06-28 13:27:20'),(59,'m','2015-06-08','East Hertha','Uruguay',84,'2019-11-28 16:14:34','2015-08-18 01:36:39'),(60,'m','2018-10-17','West Adrienneville','American Samoa',85,'2013-12-20 02:11:28','2016-07-11 06:15:55'),(61,'f','1977-08-19','South Willardfort','Indonesia',67,'2016-11-09 03:31:02','2013-09-08 15:32:39'),(62,'f','1985-08-20','Connorstad','Afghanistan',9,'2011-05-14 21:59:49','2014-12-06 00:16:14'),(63,'m','2003-09-03','Heidenreichfurt','Namibia',85,'2011-12-30 20:01:24','2011-05-08 07:59:57'),(64,'f','2005-03-19','Murphyport','Italy',71,'2019-08-08 23:28:43','2011-02-09 21:43:11'),(65,'f','2018-11-19','New Alexanne','Macao',79,'2012-04-08 04:48:01','2012-08-21 16:04:25'),(66,'f','2015-04-10','West Kiley','Jamaica',20,'2013-07-09 11:00:35','2013-02-01 01:31:27'),(67,'m','2001-06-09','O\'Haraport','French Guiana',6,'2013-02-04 09:02:58','2013-06-02 12:01:18'),(68,'f','1980-11-02','Wadeside','Cote d\'Ivoire',43,'2013-06-07 16:13:45','2014-04-12 02:49:28'),(69,'f','2010-12-01','New Anastacioville','Mauritania',39,'2014-04-30 00:37:17','2011-11-28 22:11:20'),(70,'f','1971-07-23','Port Clair','Burundi',42,'2016-04-14 03:56:36','2010-12-21 06:35:15'),(71,'m','1980-09-06','Lake Floyd','Pakistan',100,'2011-12-17 21:00:56','2012-11-02 09:23:21'),(72,'m','2003-10-20','Mooremouth','Antigua and Barbuda',23,'2016-11-01 12:20:12','2016-07-28 04:26:34'),(73,'m','2007-12-03','East Arelymouth','Hungary',79,'2012-02-17 05:39:34','2019-01-10 06:30:29'),(74,'m','1999-01-28','Port Aurore','Trinidad and Tobago',87,'2019-02-09 08:46:03','2019-09-13 12:40:25'),(75,'m','1983-07-29','North Alice','Mexico',49,'2015-01-06 22:29:58','2015-03-01 11:16:04'),(76,'m','1984-11-11','Lake Jon','Cape Verde',49,'2013-10-26 01:16:44','2013-04-12 20:45:44'),(77,'f','2002-09-09','Predovicview','Brunei Darussalam',82,'2017-07-21 10:04:44','2015-05-23 04:12:05'),(78,'f','2002-02-06','North Judahshire','Western Sahara',1,'2013-01-30 13:29:44','2017-08-23 10:02:10'),(79,'f','1972-07-10','Wunschton','Ukraine',87,'2013-08-08 05:39:21','2011-04-07 08:28:34'),(80,'f','2009-04-16','Alexandrineberg','Togo',50,'2010-09-02 18:41:44','2016-07-10 14:31:18'),(81,'m','1981-01-22','Jimmyville','Tunisia',58,'2015-03-14 02:39:20','2015-08-20 12:31:18'),(82,'m','1983-07-07','Ivahmouth','Holy See (Vatican City State)',18,'2018-03-17 22:47:26','2011-05-20 23:46:55'),(83,'f','1984-06-05','North Coleman','Brazil',94,'2010-11-06 08:14:30','2015-09-24 03:02:43'),(84,'f','1995-09-05','Whitemouth','United Arab Emirates',8,'2010-10-26 13:10:04','2015-03-21 21:11:46'),(85,'f','1994-05-11','Trompport','Bouvet Island (Bouvetoya)',36,'2017-08-30 05:41:23','2012-01-23 21:12:24'),(86,'m','1984-06-15','Saraimouth','Ghana',38,'2012-07-10 15:35:16','2019-06-03 17:08:47'),(87,'f','2001-11-07','Donaldside','French Polynesia',52,'2012-08-05 23:09:34','2017-09-26 02:51:31'),(88,'f','1986-01-25','Koelpinport','Kenya',80,'2016-01-19 06:33:33','2019-05-31 06:21:12'),(89,'f','2007-12-11','Georgetteborough','United Arab Emirates',6,'2011-06-02 08:34:18','2014-04-27 15:08:33'),(90,'f','2011-02-20','West Haleigh','Liechtenstein',17,'2011-12-01 20:03:53','2019-02-22 12:16:35'),(91,'m','2017-06-10','Amirberg','Senegal',65,'2017-08-24 22:34:18','2014-04-24 13:19:18'),(92,'f','1987-04-20','Rodolfoside','Western Sahara',72,'2015-09-20 17:34:55','2019-03-04 13:04:14'),(93,'f','1991-03-03','Pearliefort','Western Sahara',77,'2018-01-12 01:29:16','2019-10-01 00:58:19'),(94,'f','1974-04-02','West Jennyfer','Denmark',12,'2015-08-19 01:41:17','2010-11-01 15:09:30'),(95,'f','1988-09-09','South Sammie','Christmas Island',82,'2012-03-13 23:01:13','2014-09-17 04:21:59'),(96,'f','2001-03-25','West Rickeyside','Finland',90,'2015-07-09 20:11:53','2014-04-30 09:39:44'),(97,'f','2013-06-01','Lebsackstad','Nicaragua',26,'2018-07-14 22:15:41','2019-06-20 15:47:08'),(98,'f','1990-03-01','Raheemmouth','Hong Kong',31,'2017-06-27 06:13:06','2011-11-17 01:01:36'),(99,'m','1993-01-19','Kutchchester','Palestinian Territory',62,'2016-05-07 14:46:14','2017-05-25 10:36:20'),(100,'m','1981-09-15','Wiegandfurt','Jordan',58,'2011-04-07 15:04:39','2018-05-19 13:12:43');
/*!40000 ALTER TABLE `profiles` ENABLE KEYS */;
UNLOCK TABLES;

--
-- Table structure for table `users`
--

DROP TABLE IF EXISTS `users`;
/*!40101 SET @saved_cs_client     = @@character_set_client */;
/*!50503 SET character_set_client = utf8mb4 */;
CREATE TABLE `users` (
  `id` int unsigned NOT NULL AUTO_INCREMENT,
  `first_name` varchar(100) CHARACTER SET utf8 COLLATE utf8_unicode_ci NOT NULL,
  `last_name` varchar(100) CHARACTER SET utf8 COLLATE utf8_unicode_ci NOT NULL,
  `email` varchar(120) CHARACTER SET utf8 COLLATE utf8_unicode_ci NOT NULL,
  `phone` varchar(120) CHARACTER SET utf8 COLLATE utf8_unicode_ci NOT NULL,
  `created_at` datetime DEFAULT CURRENT_TIMESTAMP,
  `updated_at` datetime DEFAULT CURRENT_TIMESTAMP ON UPDATE CURRENT_TIMESTAMP,
  PRIMARY KEY (`id`),
  UNIQUE KEY `email` (`email`),
  UNIQUE KEY `phone` (`phone`)
) ENGINE=InnoDB AUTO_INCREMENT=101 DEFAULT CHARSET=utf8 COLLATE=utf8_unicode_ci;
/*!40101 SET character_set_client = @saved_cs_client */;

--
-- Dumping data for table `users`
--

LOCK TABLES `users` WRITE;
/*!40000 ALTER TABLE `users` DISABLE KEYS */;
INSERT INTO `users` VALUES (1,'Ezequiel','Simonis','una.farrell@example.net','+49(2)4716542945','2011-06-27 06:02:56','2016-01-13 11:14:05'),(2,'Eveline','Torphy','kennith.huel@example.com','288-774-2163','2014-05-16 16:22:05','2012-10-22 01:55:25'),(3,'Perry','Hilll','gabriel43@example.com','333.108.3017x683','2010-11-02 16:47:45','2015-05-24 06:49:30'),(4,'Austyn','Watsica','jennifer.rolfson@example.net','1-628-989-0293x86696','2015-03-28 22:31:24','2011-01-27 09:48:54'),(5,'Loyal','Jerde','gabe49@example.com','(950)078-3717','2019-08-02 14:51:09','2018-12-29 11:19:21'),(6,'Kathlyn','Keebler','delfina.schowalter@example.net','(560)375-9117x00033','2018-01-14 18:09:29','2011-10-29 14:19:14'),(7,'Emile','Reilly','dibbert.alta@example.org','996.146.8114','2014-12-16 18:14:30','2016-07-31 23:42:48'),(8,'Shanelle','Lynch','wisozk.justina@example.org','1-535-880-5265x210','2017-08-08 15:54:21','2019-08-03 23:08:16'),(9,'Connor','Auer','skyla.kovacek@example.org','771.572.8039','2011-02-19 21:11:27','2017-02-06 11:57:21'),(10,'Providenci','Rogahn','beatty.aurelie@example.org','885.226.1268x333','2019-12-25 21:02:56','2011-02-09 13:00:29'),(11,'Emmanuelle','Kling','bo\'connell@example.com','348-733-1691x9382','2017-10-27 06:14:00','2014-04-25 12:49:40'),(12,'Orlando','Morissette','adele.effertz@example.org','07674207215','2018-01-11 20:55:00','2013-05-03 15:40:33'),(13,'Karlie','Bahringer','cordelia.borer@example.com','071.377.7730x109','2011-02-22 03:23:10','2019-06-06 04:48:27'),(14,'Parker','Prohaska','gmcglynn@example.org','220-967-4818','2011-06-28 16:52:00','2014-02-02 18:58:28'),(15,'Eldon','Littel','aurore94@example.net','1-070-767-4096','2016-01-21 07:00:58','2011-10-14 01:21:30'),(16,'Wilson','Bogisich','madeline49@example.org','1-444-832-6873x817','2012-12-14 07:16:29','2016-09-24 00:06:19'),(17,'Jensen','Treutel','cweber@example.com','884-926-0363x69898','2015-04-30 05:56:49','2015-05-17 08:01:31'),(18,'Rubie','Padberg','dorothy.fahey@example.org','1-623-254-9373x301','2018-10-24 16:08:29','2017-02-08 18:57:45'),(19,'Tracy','Walker','luella.beatty@example.org','(484)514-3887','2019-06-20 12:52:25','2012-08-31 18:17:28'),(20,'Raymundo','Berge','halvorson.kaley@example.com','(429)885-0487','2017-02-17 05:21:53','2010-07-22 12:49:49'),(21,'Eli','Beahan','kshlerin.shyann@example.com','(600)812-4796x988','2016-04-16 07:26:47','2020-01-09 11:42:49'),(22,'Liana','Dicki','dean.pfannerstill@example.com','316.862.7024x504','2015-09-24 21:36:39','2011-08-12 00:24:43'),(23,'Helen','Wolff','isaiah.price@example.org','(048)516-6809','2011-02-16 19:55:16','2012-05-15 12:52:25'),(24,'Eli','Deckow','arnold.stanton@example.net','871-387-2130x460','2017-11-19 10:26:27','2016-01-29 13:16:20'),(25,'Lorena','Rohan','mervin47@example.org','(860)551-8952x474','2012-04-13 20:15:02','2014-11-25 08:24:58'),(26,'Valentin','Smith','delilah03@example.net','555-666-5113','2012-08-13 13:06:55','2015-06-02 13:02:03'),(27,'Joannie','Marquardt','dhowe@example.net','923.007.4061x2458','2019-02-08 08:03:35','2018-10-04 19:06:02'),(28,'Jamie','Kshlerin','keyshawn.kuvalis@example.org','+92(6)8555350929','2013-10-17 16:18:51','2014-09-07 04:50:18'),(29,'Hillard','Carter','becker.gideon@example.org','1-345-393-0999x582','2017-11-24 08:09:30','2011-02-21 09:06:47'),(30,'Roman','Hayes','bbraun@example.net','1-031-780-2426x580','2019-08-24 16:10:53','2018-09-11 10:10:16'),(31,'Ray','VonRueden','oswaldo.waelchi@example.net','1-747-510-3177x54363','2020-02-24 21:53:19','2012-12-20 21:14:59'),(32,'Veda','Abshire','simonis.esmeralda@example.net','1-165-157-8330','2013-10-30 03:16:56','2015-01-31 00:55:45'),(33,'Eveline','Satterfield','jean90@example.net','+87(1)0554617053','2017-04-01 02:43:58','2013-03-24 08:51:58'),(34,'Austin','Sanford','royce.batz@example.net','1-411-459-1409','2019-03-22 14:16:24','2012-12-26 22:12:07'),(35,'Nigel','Corkery','katelyn.feest@example.net','1-840-368-4608x07782','2019-09-23 19:27:29','2018-04-11 14:36:42'),(36,'Shannon','Johnston','naomie.rippin@example.org','+93(8)8565043758','2010-06-22 18:29:17','2014-04-03 04:50:47'),(37,'Luther','Nienow','peggie.roberts@example.net','(727)940-5301x28941','2014-01-01 09:15:51','2014-06-12 04:27:46'),(38,'Lea','Johns','mozelle57@example.com','1-688-298-8747','2015-11-04 13:10:12','2017-07-23 00:00:30'),(39,'Andres','Fahey','lia.oberbrunner@example.org','+77(6)9702360994','2013-10-11 21:43:01','2017-11-05 18:46:32'),(40,'Addison','Tremblay','nestor75@example.com','(834)440-2588x5127','2018-08-23 00:14:07','2019-05-11 00:10:22'),(41,'Sophie','Jacobs','ferne02@example.net','1-601-836-0682x4414','2013-08-21 06:47:02','2012-07-23 22:47:35'),(42,'Destin','Kihn','imurphy@example.com','(223)713-1125','2011-08-27 11:24:38','2011-05-14 05:29:59'),(43,'Jayde','Stanton','lexus74@example.org','(441)549-1688','2012-02-01 17:44:51','2014-04-04 09:24:56'),(44,'Alek','Wuckert','mikel63@example.org','981.777.9772x560','2017-05-12 17:58:28','2019-11-19 10:57:17'),(45,'Nicolette','Weissnat','jaleel37@example.com','02819674863','2013-03-09 15:58:38','2010-08-29 02:50:18'),(46,'Aracely','Welch','yazmin85@example.com','(515)257-7060x31431','2020-01-26 14:09:57','2015-10-24 03:45:38'),(47,'Harry','Yundt','thaag@example.com','054-916-8732x92847','2018-02-07 23:05:35','2015-03-13 07:53:06'),(48,'Jackie','Abshire','eunice.ledner@example.com','+19(4)5459624854','2016-01-27 00:53:28','2019-06-25 05:52:32'),(49,'Keyshawn','Franecki','walker.schuster@example.org','1-334-566-9069','2015-01-05 13:13:08','2020-02-14 21:27:30'),(50,'Omer','Roob','hmoore@example.com','01932428064','2019-01-09 07:13:08','2013-12-27 12:23:31'),(51,'Marcel','Sawayn','pbartoletti@example.com','+29(9)3639105406','2011-04-23 02:30:48','2017-10-20 18:44:12'),(52,'Rod','Towne','paxton.cassin@example.com','+44(1)2987980171','2020-03-19 21:53:55','2011-01-28 23:27:24'),(53,'Myrl','Dibbert','mallie.miller@example.org','1-679-805-7556x225','2017-09-22 13:06:26','2019-10-03 05:37:04'),(54,'Alysa','Olson','opouros@example.org','710.222.4853x816','2011-02-26 14:37:17','2016-05-06 06:36:27'),(55,'Corbin','Pollich','osbaldo.windler@example.com','1-784-999-2283','2017-01-30 10:40:47','2019-11-29 05:32:28'),(56,'Raoul','Brakus','lolita98@example.com','+03(3)7914358872','2013-09-11 09:04:08','2014-04-16 15:48:39'),(57,'Malachi','Brakus','fadel.charles@example.net','1-059-498-2236','2019-09-08 06:36:23','2016-08-05 01:03:39'),(58,'Matt','Denesik','vweber@example.org','501-552-2047x52041','2019-05-07 23:55:48','2012-01-15 05:35:02'),(59,'Neal','Barton','ward.noel@example.org','1-467-653-3961x2985','2012-03-18 15:10:05','2011-05-11 13:04:24'),(60,'Alford','Harris','mgibson@example.net','1-093-848-2918','2017-06-02 06:14:07','2017-04-26 04:38:18'),(61,'Maude','Kulas','o\'hara.newell@example.org','(966)075-1474x25736','2017-10-24 17:14:13','2015-09-08 06:46:53'),(62,'Glenda','Lesch','maryjane11@example.org','(703)888-2413x79113','2018-01-05 15:29:20','2020-03-20 00:32:26'),(63,'Toney','Botsford','camylle.hudson@example.org','123-320-1872x778','2011-05-02 08:34:46','2012-01-01 10:39:16'),(64,'Velva','Ullrich','armstrong.annabel@example.org','338-924-0207x699','2011-01-27 21:55:31','2014-09-29 01:34:38'),(65,'Marlen','Abbott','angelina20@example.com','894.364.1859x914','2013-04-30 04:21:12','2015-09-08 00:51:47'),(66,'Hannah','Schmitt','dpouros@example.org','562-387-0251x3256','2017-10-11 18:21:04','2016-10-04 20:10:22'),(67,'Victor','Stiedemann','barton.nannie@example.org','1-674-480-4796x1112','2019-03-17 15:59:59','2019-05-14 10:11:02'),(68,'Antwan','O\'Kon','abergnaum@example.org','09040562305','2010-04-26 22:19:19','2016-02-01 17:54:18'),(69,'Shane','O\'Kon','edwin47@example.net','1-094-893-6604x6477','2011-09-11 14:28:25','2010-05-07 10:44:44'),(70,'Lyric','O\'Conner','alyson04@example.org','(944)071-3768x78923','2017-06-30 13:12:04','2010-09-05 15:02:46'),(71,'Nick','Hegmann','lcummerata@example.org','405-681-4566x85454','2013-09-01 11:37:36','2016-08-28 02:31:46'),(72,'Nasir','Hackett','wisozk.jarrett@example.com','340-816-3953','2015-08-16 06:28:39','2019-07-26 04:02:38'),(73,'Maynard','Schneider','cleora.adams@example.net','(881)446-4823x2804','2013-11-20 19:19:15','2015-10-02 13:03:44'),(74,'Angeline','Rogahn','mpagac@example.org','375-884-2203x22130','2018-12-19 12:34:11','2018-08-19 15:41:05'),(75,'Berenice','Dibbert','ondricka.mya@example.org','715-864-3054','2016-01-27 10:17:51','2017-04-14 23:24:24'),(76,'Edyth','Aufderhar','cade.davis@example.org','07240332241','2013-08-19 07:59:16','2015-07-11 13:42:11'),(77,'Johnpaul','Greenfelder','yfeeney@example.net','866-846-3884x3142','2018-04-02 15:08:34','2014-11-29 18:21:36'),(78,'Noelia','Lubowitz','kohler.anderson@example.com','987-313-6666x100','2013-04-09 00:26:44','2013-05-27 09:10:28'),(79,'Paxton','Rau','fschumm@example.net','219.666.6723','2017-06-30 07:12:17','2014-01-31 11:42:37'),(80,'Regan','Champlin','ohudson@example.com','356.247.0156x1466','2014-03-16 07:45:18','2018-04-06 20:58:29'),(81,'Geoffrey','Simonis','gsmith@example.com','(752)434-2570x3963','2010-11-02 14:01:24','2017-10-23 13:18:27'),(82,'Kelsie','Mayert','qhane@example.com','104.192.2367','2020-02-28 18:22:51','2010-07-30 14:03:51'),(83,'Keith','Haley','plesch@example.com','1-199-116-4737','2010-10-21 09:25:01','2018-01-03 11:46:20'),(84,'Cara','Feil','alvah.kuhn@example.net','065-295-5760x7709','2019-08-24 20:03:20','2012-09-24 20:48:15'),(85,'Lea','Wilkinson','kamren77@example.org','1-156-996-2821x843','2016-04-29 08:37:55','2018-05-25 17:46:31'),(86,'Jordyn','Goldner','dax17@example.org','01198822246','2013-02-10 16:59:37','2012-09-12 17:40:19'),(87,'Tia','Bernhard','block.osbaldo@example.net','1-662-610-5903x18869','2017-04-27 06:29:19','2017-12-10 11:34:40'),(88,'Tressie','Abernathy','vesta92@example.com','638-158-8950x0047','2013-09-01 03:34:38','2016-07-27 01:07:05'),(89,'Arvel','Bradtke','lmarvin@example.org','03149391278','2018-03-29 19:27:42','2012-05-10 01:28:16'),(90,'Leonard','White','odessa68@example.net','1-688-691-3846x56671','2016-07-04 03:29:19','2012-11-27 04:37:15'),(91,'Burley','Heaney','langosh.levi@example.com','908-091-5852x7746','2010-10-27 00:08:24','2015-06-14 01:20:10'),(92,'Lela','Durgan','tdoyle@example.net','654-257-0337x0823','2012-09-17 09:37:06','2019-06-02 11:55:53'),(93,'Luella','Wyman','klockman@example.com','+82(4)4170951589','2010-10-30 18:48:13','2016-05-16 11:56:26'),(94,'Tristian','Nader','zora32@example.net','734.320.7082x34096','2011-03-18 21:36:40','2018-10-07 17:54:08'),(95,'Zoie','Grant','deanna86@example.net','745.218.6944x33358','2012-05-16 13:54:49','2019-12-10 09:09:25'),(96,'Rickey','Toy','wschneider@example.com','1-063-950-6498','2011-11-11 01:46:08','2014-11-05 18:55:22'),(97,'Noah','Oberbrunner','krath@example.com','1-289-549-8857','2011-09-12 20:37:14','2013-10-09 15:12:29'),(98,'Krystina','Conroy','anita.bednar@example.net','895-098-0553x7640','2013-05-21 14:14:42','2019-12-15 16:00:09'),(99,'Otha','Mills','sidney28@example.com','1-456-094-5574x48103','2016-01-21 21:00:46','2015-06-08 21:27:50'),(100,'Darian','Wiza','cade58@example.com','817.409.3232x07237','2012-08-04 08:56:15','2019-02-20 20:33:18');
/*!40000 ALTER TABLE `users` ENABLE KEYS */;
UNLOCK TABLES;
/*!40103 SET TIME_ZONE=@OLD_TIME_ZONE */;

/*!40101 SET SQL_MODE=@OLD_SQL_MODE */;
/*!40014 SET FOREIGN_KEY_CHECKS=@OLD_FOREIGN_KEY_CHECKS */;
/*!40014 SET UNIQUE_CHECKS=@OLD_UNIQUE_CHECKS */;
/*!40101 SET CHARACTER_SET_CLIENT=@OLD_CHARACTER_SET_CLIENT */;
/*!40101 SET CHARACTER_SET_RESULTS=@OLD_CHARACTER_SET_RESULTS */;
/*!40101 SET COLLATION_CONNECTION=@OLD_COLLATION_CONNECTION */;
/*!40111 SET SQL_NOTES=@OLD_SQL_NOTES */;

-- Dump completed on 2020-03-31 15:56:14
