-- MySQL dump 10.13  Distrib 8.0.19, for Linux (x86_64)
--
-- Host: localhost    Database: vk_com
-- ------------------------------------------------------
-- Server version	8.0.19

/*!40101 SET @OLD_CHARACTER_SET_CLIENT=@@CHARACTER_SET_CLIENT */;
/*!40101 SET @OLD_CHARACTER_SET_RESULTS=@@CHARACTER_SET_RESULTS */;
/*!40101 SET @OLD_COLLATION_CONNECTION=@@COLLATION_CONNECTION */;
/*!50503 SET NAMES utf8mb4 */;
/*!40103 SET @OLD_TIME_ZONE=@@TIME_ZONE */;
/*!40103 SET TIME_ZONE='+00:00' */;
/*!40014 SET @OLD_UNIQUE_CHECKS=@@UNIQUE_CHECKS, UNIQUE_CHECKS=0 */;
/*!40014 SET @OLD_FOREIGN_KEY_CHECKS=@@FOREIGN_KEY_CHECKS, FOREIGN_KEY_CHECKS=0 */;
/*!40101 SET @OLD_SQL_MODE=@@SQL_MODE, SQL_MODE='NO_AUTO_VALUE_ON_ZERO' */;
/*!40111 SET @OLD_SQL_NOTES=@@SQL_NOTES, SQL_NOTES=0 */;

--
-- Table structure for table `communities`
--

DROP TABLE IF EXISTS `communities`;
/*!40101 SET @saved_cs_client     = @@character_set_client */;
/*!50503 SET character_set_client = utf8mb4 */;
CREATE TABLE `communities` (
  `id` int unsigned NOT NULL AUTO_INCREMENT,
  `name` varchar(150) CHARACTER SET utf8 COLLATE utf8_unicode_ci NOT NULL,
  `created_at` datetime DEFAULT CURRENT_TIMESTAMP,
  PRIMARY KEY (`id`),
  UNIQUE KEY `name` (`name`)
) ENGINE=InnoDB AUTO_INCREMENT=101 DEFAULT CHARSET=utf8 COLLATE=utf8_unicode_ci;
/*!40101 SET character_set_client = @saved_cs_client */;

--
-- Dumping data for table `communities`
--

LOCK TABLES `communities` WRITE;
/*!40000 ALTER TABLE `communities` DISABLE KEYS */;
INSERT INTO `communities` VALUES (1,'qui','2016-01-19 15:45:45'),(2,'ad','2010-04-01 01:42:44'),(3,'assumenda','2010-12-27 20:27:54'),(4,'odio','2015-08-08 20:26:13'),(5,'necessitatibus','2016-08-28 16:45:08'),(6,'dolore','2013-09-30 12:37:42'),(7,'et','2015-07-02 11:26:21'),(8,'ut','2019-04-15 19:17:10'),(9,'est','2017-02-09 10:47:54'),(10,'cupiditate','2014-07-12 16:22:14'),(11,'ex','2019-11-21 12:48:54'),(12,'eos','2015-03-31 01:26:24'),(13,'quisquam','2011-05-26 02:37:47'),(14,'eum','2018-04-10 06:45:12'),(15,'laborum','2010-11-28 11:19:02'),(16,'deleniti','2014-01-12 00:31:26'),(17,'non','2011-10-14 03:48:44'),(18,'aut','2018-04-16 01:07:08'),(19,'debitis','2010-12-06 23:52:26'),(20,'iste','2019-06-07 19:48:24');
/*!40000 ALTER TABLE `communities` ENABLE KEYS */;
UNLOCK TABLES;

--
-- Table structure for table `communities_users`
--

DROP TABLE IF EXISTS `communities_users`;
/*!40101 SET @saved_cs_client     = @@character_set_client */;
/*!50503 SET character_set_client = utf8mb4 */;
CREATE TABLE `communities_users` (
  `community_id` int unsigned NOT NULL,
  `user_id` int unsigned NOT NULL,
  PRIMARY KEY (`community_id`,`user_id`),
  KEY `communities_users_user_id_fk` (`user_id`),
  CONSTRAINT `communities_users_community_id_fk` FOREIGN KEY (`community_id`) REFERENCES `communities` (`id`),
  CONSTRAINT `communities_users_user_id_fk` FOREIGN KEY (`user_id`) REFERENCES `users` (`id`)
) ENGINE=InnoDB DEFAULT CHARSET=utf8 COLLATE=utf8_unicode_ci;
/*!40101 SET character_set_client = @saved_cs_client */;

--
-- Dumping data for table `communities_users`
--

LOCK TABLES `communities_users` WRITE;
/*!40000 ALTER TABLE `communities_users` DISABLE KEYS */;
INSERT INTO `communities_users` VALUES (9,1),(20,3),(2,4),(13,4),(8,6),(18,6),(5,9),(7,9),(6,11),(4,13),(16,13),(5,14),(7,14),(9,14),(16,14),(4,15),(5,18),(5,19),(6,21),(15,21),(14,22),(7,23),(15,23),(5,26),(11,26),(18,26),(3,28),(3,29),(9,31),(1,32),(3,33),(9,34),(11,35),(1,36),(6,36),(7,36),(4,38),(18,40),(3,41),(17,41),(12,43),(13,43),(16,43),(20,43),(8,44),(8,45),(5,46),(8,46),(15,46),(20,46),(9,47),(20,47),(4,48),(14,48),(8,50),(10,50),(1,54),(16,54),(7,56),(4,58),(1,60),(9,60),(17,60),(20,63),(5,64),(5,65),(12,71),(14,71),(4,72),(15,72),(16,72),(6,73),(1,74),(12,75),(11,76),(16,76),(5,78),(9,78),(1,79),(8,79),(20,79),(15,80),(11,81),(20,81),(1,83),(14,83),(17,83),(10,84),(18,85),(5,87),(14,87),(13,89),(9,90),(2,93),(15,93),(10,94),(17,94),(4,95),(14,95),(10,100);
/*!40000 ALTER TABLE `communities_users` ENABLE KEYS */;
UNLOCK TABLES;

--
-- Table structure for table `friendship`
--

DROP TABLE IF EXISTS `friendship`;
/*!40101 SET @saved_cs_client     = @@character_set_client */;
/*!50503 SET character_set_client = utf8mb4 */;
CREATE TABLE `friendship` (
  `user_id` int unsigned NOT NULL,
  `friend_id` int unsigned NOT NULL,
  `status_id` int unsigned NOT NULL,
  `requested_at` datetime DEFAULT CURRENT_TIMESTAMP,
  `confirmed_at` datetime DEFAULT NULL,
  PRIMARY KEY (`user_id`,`friend_id`),
  KEY `friendship_friend_id_fk` (`friend_id`),
  KEY `friendship_status_id_fk` (`status_id`),
  CONSTRAINT `friendship_friend_id_fk` FOREIGN KEY (`friend_id`) REFERENCES `users` (`id`),
  CONSTRAINT `friendship_status_id_fk` FOREIGN KEY (`status_id`) REFERENCES `friendship_statuses` (`id`),
  CONSTRAINT `friendship_user_id_fk` FOREIGN KEY (`user_id`) REFERENCES `users` (`id`)
) ENGINE=InnoDB DEFAULT CHARSET=utf8 COLLATE=utf8_unicode_ci;
/*!40101 SET character_set_client = @saved_cs_client */;

--
-- Dumping data for table `friendship`
--

LOCK TABLES `friendship` WRITE;
/*!40000 ALTER TABLE `friendship` DISABLE KEYS */;
INSERT INTO `friendship` VALUES (2,76,1,'2020-01-18 07:46:46','2020-01-09 20:34:16'),(2,96,2,'2020-03-18 22:31:08','2019-06-18 04:40:58'),(5,78,2,'2019-09-22 13:23:57','2020-03-20 23:24:33'),(6,14,1,'2019-06-20 09:34:30','2020-02-23 01:57:36'),(8,3,3,'2020-01-24 18:47:53','2019-06-02 18:08:40'),(8,73,1,'2019-10-26 11:19:40','2019-09-09 11:57:32'),(9,29,2,'2019-12-30 10:02:25','2019-08-29 17:43:02'),(10,26,1,'2019-08-09 16:34:46','2019-10-19 08:51:35'),(12,54,3,'2019-06-26 02:07:00','2020-02-22 10:40:46'),(13,58,2,'2019-05-26 13:16:03','2019-06-25 13:16:27'),(13,88,2,'2020-03-05 20:01:17','2019-08-05 01:07:15'),(14,75,3,'2019-09-24 10:12:18','2020-03-18 22:01:25'),(15,13,1,'2019-06-01 11:59:07','2019-12-31 15:14:14'),(16,43,1,'2020-03-06 01:30:43','2020-03-15 09:36:26'),(16,92,3,'2019-08-05 15:08:30','2019-11-26 00:14:50'),(17,72,3,'2019-06-25 22:36:32','2019-08-04 18:27:59'),(17,97,1,'2019-10-25 12:11:08','2020-03-08 22:33:11'),(18,2,3,'2019-12-20 00:48:32','2020-03-24 19:07:14'),(18,48,2,'2019-09-30 08:08:42','2019-09-22 18:12:20'),(18,72,3,'2020-01-10 02:07:54','2019-09-23 09:32:12'),(19,96,3,'2019-10-29 11:11:39','2019-12-07 15:59:34'),(20,41,3,'2019-04-18 08:39:41','2019-10-21 01:11:59'),(21,48,3,'2019-04-12 04:43:16','2020-01-06 23:02:44'),(22,22,1,'2020-01-03 11:38:51','2019-07-03 22:38:10'),(24,24,2,'2019-04-03 03:42:10','2019-05-28 14:10:38'),(24,93,1,'2020-01-30 19:00:31','2020-03-14 04:11:24'),(27,92,2,'2020-03-12 01:37:39','2019-08-16 02:11:33'),(28,39,2,'2019-09-28 09:28:22','2020-03-11 18:09:47'),(29,47,2,'2019-09-16 15:42:31','2019-09-26 00:11:12'),(30,8,2,'2019-12-03 17:38:52','2019-08-27 06:17:55'),(31,36,1,'2019-07-18 09:07:31','2019-06-26 20:43:24'),(31,74,2,'2020-03-23 22:38:41','2020-02-16 04:40:57'),(32,68,2,'2020-02-07 02:49:48','2019-10-16 01:01:00'),(32,93,2,'2020-01-04 23:27:44','2019-08-21 12:29:42'),(33,42,1,'2020-02-10 05:00:56','2019-09-01 14:25:22'),(33,63,2,'2019-07-23 00:13:20','2020-03-21 14:27:48'),(34,8,2,'2019-04-27 04:28:45','2019-04-16 20:27:56'),(36,35,2,'2019-05-27 03:09:25','2020-02-21 16:56:55'),(36,53,1,'2019-05-04 07:23:40','2020-01-16 08:04:04'),(36,58,3,'2019-07-04 23:48:26','2019-06-03 14:47:06'),(41,42,2,'2020-02-18 01:43:32','2020-03-09 13:22:34'),(42,20,1,'2019-04-01 13:36:40','2019-09-18 20:15:31'),(44,20,3,'2020-01-13 22:23:51','2019-11-28 23:29:07'),(44,99,3,'2020-03-09 19:16:50','2019-07-30 11:03:28'),(47,48,2,'2019-12-28 02:44:48','2019-07-12 19:58:52'),(48,66,1,'2019-05-10 00:19:02','2019-04-29 20:30:12'),(48,97,3,'2020-02-12 11:12:31','2020-02-11 04:02:35'),(50,11,2,'2019-04-05 08:12:07','2019-11-10 01:00:10'),(52,54,2,'2019-12-07 10:37:07','2019-07-16 12:59:09'),(53,9,3,'2019-07-04 18:19:08','2019-12-21 11:30:13'),(53,64,3,'2019-09-27 02:57:39','2019-12-14 15:40:24'),(54,8,1,'2019-11-28 01:51:55','2019-10-24 23:31:59'),(55,59,2,'2019-08-26 06:09:46','2019-11-20 14:45:22'),(55,71,3,'2019-12-08 21:24:34','2019-10-10 03:23:40'),(59,1,1,'2019-10-14 21:38:10','2019-12-28 23:15:00'),(59,33,1,'2020-02-06 23:43:39','2020-03-27 05:49:08'),(61,27,1,'2020-01-21 22:12:38','2019-12-16 06:00:16'),(61,77,2,'2019-10-12 21:11:58','2020-01-07 05:58:05'),(63,16,3,'2019-07-17 06:40:45','2019-11-24 00:33:36'),(66,92,1,'2019-09-23 00:01:45','2019-06-17 22:31:46'),(68,7,1,'2020-01-29 02:32:53','2019-12-29 02:13:10'),(68,48,3,'2019-05-28 12:16:32','2019-11-04 15:46:22'),(68,79,1,'2020-02-29 01:46:59','2019-11-29 01:55:27'),(68,82,1,'2019-08-20 22:00:53','2019-05-03 17:05:57'),(68,85,1,'2019-05-04 10:46:25','2019-10-27 22:42:53'),(69,37,2,'2019-07-26 20:45:05','2019-08-10 14:03:22'),(69,64,1,'2020-03-10 12:42:47','2019-09-13 09:22:09'),(69,86,3,'2020-01-14 08:29:57','2019-11-08 06:49:49'),(72,34,1,'2019-10-23 22:05:13','2020-01-31 00:12:47'),(72,97,1,'2019-07-10 06:06:55','2019-06-14 18:28:43'),(73,33,2,'2020-03-11 22:12:49','2020-03-02 03:19:28'),(73,76,2,'2019-08-23 06:05:47','2019-11-12 11:37:29'),(74,10,1,'2020-03-21 01:55:55','2020-03-21 17:22:03'),(77,63,3,'2019-06-10 09:49:18','2019-09-14 01:32:58'),(78,47,2,'2019-07-08 19:24:49','2019-10-25 12:55:24'),(79,18,1,'2019-12-25 08:21:08','2019-05-10 21:15:42'),(79,85,3,'2019-11-24 07:50:56','2020-01-22 00:49:40'),(82,33,1,'2019-06-25 17:35:58','2019-07-01 07:15:47'),(84,29,2,'2020-02-06 01:03:36','2019-04-03 05:53:24'),(85,97,1,'2020-02-10 16:36:11','2019-12-30 17:35:24'),(86,2,1,'2019-05-28 04:40:17','2019-06-30 16:58:24'),(86,74,2,'2019-10-11 00:08:15','2019-12-11 08:16:42'),(87,34,3,'2019-04-19 21:49:01','2019-05-23 08:29:25'),(87,46,1,'2019-07-31 20:46:07','2019-04-16 05:12:56'),(88,30,1,'2020-02-04 02:43:54','2019-12-15 13:23:12'),(88,39,2,'2019-04-17 16:30:23','2020-01-31 06:23:50'),(89,36,1,'2019-05-14 12:21:15','2019-04-02 16:16:50'),(89,98,1,'2020-01-05 00:33:42','2020-01-29 14:11:56'),(89,100,3,'2020-03-20 15:25:04','2019-09-25 09:19:49'),(91,6,3,'2019-07-17 08:39:47','2019-12-03 01:51:35'),(91,38,2,'2019-09-04 15:46:48','2019-12-05 10:24:26'),(92,22,1,'2020-02-08 13:08:08','2019-12-31 09:06:27'),(92,81,2,'2019-09-02 01:15:19','2019-11-23 22:32:55'),(93,80,2,'2019-04-20 19:12:35','2019-06-08 06:37:32'),(94,14,3,'2019-11-12 05:19:53','2019-09-24 18:36:11'),(98,28,1,'2019-06-21 21:53:41','2019-09-08 22:10:55'),(99,53,3,'2020-03-12 22:00:39','2019-10-11 08:33:52'),(99,65,2,'2020-01-16 19:01:33','2019-08-07 07:43:57'),(100,19,2,'2019-12-29 08:44:40','2019-09-14 14:12:38'),(100,54,1,'2020-01-08 15:40:31','2019-06-07 12:19:42');
/*!40000 ALTER TABLE `friendship` ENABLE KEYS */;
UNLOCK TABLES;

--
-- Table structure for table `friendship_statuses`
--

DROP TABLE IF EXISTS `friendship_statuses`;
/*!40101 SET @saved_cs_client     = @@character_set_client */;
/*!50503 SET character_set_client = utf8mb4 */;
CREATE TABLE `friendship_statuses` (
  `id` int unsigned NOT NULL AUTO_INCREMENT,
  `name` varchar(150) CHARACTER SET utf8 COLLATE utf8_unicode_ci NOT NULL,
  PRIMARY KEY (`id`),
  UNIQUE KEY `name` (`name`)
) ENGINE=InnoDB AUTO_INCREMENT=4 DEFAULT CHARSET=utf8 COLLATE=utf8_unicode_ci;
/*!40101 SET character_set_client = @saved_cs_client */;

--
-- Dumping data for table `friendship_statuses`
--

LOCK TABLES `friendship_statuses` WRITE;
/*!40000 ALTER TABLE `friendship_statuses` DISABLE KEYS */;
INSERT INTO `friendship_statuses` VALUES (2,'Confirmed'),(3,'Rejected'),(1,'Requested');
/*!40000 ALTER TABLE `friendship_statuses` ENABLE KEYS */;
UNLOCK TABLES;

--
-- Table structure for table `likes`
--

DROP TABLE IF EXISTS `likes`;
/*!40101 SET @saved_cs_client     = @@character_set_client */;
/*!50503 SET character_set_client = utf8mb4 */;
CREATE TABLE `likes` (
  `id` int unsigned NOT NULL AUTO_INCREMENT,
  `user_id` int unsigned NOT NULL,
  `target_id` int unsigned NOT NULL,
  `target_type_id` int unsigned NOT NULL,
  `created_at` datetime DEFAULT CURRENT_TIMESTAMP,
  PRIMARY KEY (`id`),
  KEY `likes_user_id_fk` (`user_id`),
  KEY `likes_target_type_id_fk` (`target_type_id`),
  CONSTRAINT `likes_target_type_id_fk` FOREIGN KEY (`target_type_id`) REFERENCES `target_types` (`id`),
  CONSTRAINT `likes_user_id_fk` FOREIGN KEY (`user_id`) REFERENCES `users` (`id`)
) ENGINE=InnoDB AUTO_INCREMENT=101 DEFAULT CHARSET=utf8mb4 COLLATE=utf8mb4_0900_ai_ci;
/*!40101 SET character_set_client = @saved_cs_client */;

--
-- Dumping data for table `likes`
--

LOCK TABLES `likes` WRITE;
/*!40000 ALTER TABLE `likes` DISABLE KEYS */;
INSERT INTO `likes` VALUES (1,46,61,3,'2020-04-07 20:38:15'),(2,39,100,4,'2020-04-07 20:38:15'),(3,25,70,3,'2020-04-07 20:38:15'),(4,50,36,2,'2020-04-07 20:38:15'),(5,22,34,1,'2020-04-07 20:38:15'),(6,6,24,1,'2020-04-07 20:38:15'),(7,40,93,2,'2020-04-07 20:38:15'),(8,34,41,1,'2020-04-07 20:38:15'),(9,95,65,2,'2020-04-07 20:38:15'),(10,100,81,1,'2020-04-07 20:38:15'),(11,91,32,4,'2020-04-07 20:38:15'),(12,40,37,3,'2020-04-07 20:38:15'),(13,16,81,3,'2020-04-07 20:38:15'),(14,45,51,1,'2020-04-07 20:38:15'),(15,53,1,2,'2020-04-07 20:38:15'),(16,18,56,2,'2020-04-07 20:38:15'),(17,60,20,1,'2020-04-07 20:38:15'),(18,55,3,3,'2020-04-07 20:38:15'),(19,43,63,4,'2020-04-07 20:38:15'),(20,44,60,3,'2020-04-07 20:38:15'),(21,60,94,4,'2020-04-07 20:38:15'),(22,58,27,3,'2020-04-07 20:38:15'),(23,26,44,2,'2020-04-07 20:38:15'),(24,77,59,3,'2020-04-07 20:38:15'),(25,42,19,3,'2020-04-07 20:38:15'),(26,71,57,3,'2020-04-07 20:38:15'),(27,85,9,4,'2020-04-07 20:38:15'),(28,34,92,3,'2020-04-07 20:38:15'),(29,18,13,1,'2020-04-07 20:38:15'),(30,16,44,3,'2020-04-07 20:38:15'),(31,31,37,4,'2020-04-07 20:38:15'),(32,39,25,1,'2020-04-07 20:38:15'),(33,54,54,1,'2020-04-07 20:38:15'),(34,62,97,4,'2020-04-07 20:38:15'),(35,91,66,3,'2020-04-07 20:38:15'),(36,79,29,1,'2020-04-07 20:38:15'),(37,47,12,1,'2020-04-07 20:38:15'),(38,58,33,4,'2020-04-07 20:38:15'),(39,59,21,1,'2020-04-07 20:38:15'),(40,60,25,2,'2020-04-07 20:38:15'),(41,42,79,3,'2020-04-07 20:38:15'),(42,4,17,3,'2020-04-07 20:38:15'),(43,2,97,4,'2020-04-07 20:38:15'),(44,95,45,2,'2020-04-07 20:38:15'),(45,64,99,1,'2020-04-07 20:38:15'),(46,23,100,2,'2020-04-07 20:38:15'),(47,50,59,2,'2020-04-07 20:38:15'),(48,48,2,3,'2020-04-07 20:38:15'),(49,30,46,2,'2020-04-07 20:38:15'),(50,72,34,3,'2020-04-07 20:38:15'),(51,57,30,4,'2020-04-07 20:38:15'),(52,4,82,4,'2020-04-07 20:38:15'),(53,37,96,3,'2020-04-07 20:38:15'),(54,55,67,3,'2020-04-07 20:38:15'),(55,47,26,4,'2020-04-07 20:38:15'),(56,63,51,3,'2020-04-07 20:38:15'),(57,75,78,3,'2020-04-07 20:38:15'),(58,75,91,2,'2020-04-07 20:38:15'),(59,72,71,2,'2020-04-07 20:38:15'),(60,87,13,1,'2020-04-07 20:38:15'),(61,75,66,1,'2020-04-07 20:38:15'),(62,29,26,2,'2020-04-07 20:38:15'),(63,38,61,4,'2020-04-07 20:38:15'),(64,67,63,1,'2020-04-07 20:38:15'),(65,75,35,3,'2020-04-07 20:38:15'),(66,50,96,2,'2020-04-07 20:38:15'),(67,54,84,3,'2020-04-07 20:38:15'),(68,31,84,2,'2020-04-07 20:38:15'),(69,92,73,4,'2020-04-07 20:38:15'),(70,20,35,1,'2020-04-07 20:38:15'),(71,64,80,1,'2020-04-07 20:38:15'),(72,82,99,2,'2020-04-07 20:38:15'),(73,37,45,1,'2020-04-07 20:38:15'),(74,31,15,4,'2020-04-07 20:38:15'),(75,61,61,1,'2020-04-07 20:38:15'),(76,23,49,3,'2020-04-07 20:38:15'),(77,28,13,4,'2020-04-07 20:38:15'),(78,74,21,4,'2020-04-07 20:38:15'),(79,58,35,1,'2020-04-07 20:38:15'),(80,3,10,2,'2020-04-07 20:38:15'),(81,63,99,1,'2020-04-07 20:38:15'),(82,32,40,1,'2020-04-07 20:38:15'),(83,1,94,3,'2020-04-07 20:38:15'),(84,35,85,1,'2020-04-07 20:38:15'),(85,44,61,3,'2020-04-07 20:38:15'),(86,74,53,2,'2020-04-07 20:38:15'),(87,67,98,4,'2020-04-07 20:38:15'),(88,44,56,2,'2020-04-07 20:38:15'),(89,71,11,2,'2020-04-07 20:38:15'),(90,76,52,2,'2020-04-07 20:38:15'),(91,6,31,2,'2020-04-07 20:38:15'),(92,83,11,1,'2020-04-07 20:38:15'),(93,93,50,3,'2020-04-07 20:38:15'),(94,96,72,3,'2020-04-07 20:38:15'),(95,41,88,1,'2020-04-07 20:38:15'),(96,19,46,3,'2020-04-07 20:38:15'),(97,12,50,1,'2020-04-07 20:38:15'),(98,24,72,4,'2020-04-07 20:38:15'),(99,29,76,4,'2020-04-07 20:38:15'),(100,42,26,1,'2020-04-07 20:38:15');
/*!40000 ALTER TABLE `likes` ENABLE KEYS */;
UNLOCK TABLES;

--
-- Table structure for table `media`
--

DROP TABLE IF EXISTS `media`;
/*!40101 SET @saved_cs_client     = @@character_set_client */;
/*!50503 SET character_set_client = utf8mb4 */;
CREATE TABLE `media` (
  `id` int unsigned NOT NULL AUTO_INCREMENT,
  `media_type_id` int unsigned NOT NULL,
  `user_id` int unsigned NOT NULL,
  `file_path` varchar(255) CHARACTER SET utf8 COLLATE utf8_unicode_ci NOT NULL,
  `size` int NOT NULL,
  `metadata` json DEFAULT NULL,
  `created_at` datetime DEFAULT CURRENT_TIMESTAMP,
  `updated_at` datetime DEFAULT CURRENT_TIMESTAMP ON UPDATE CURRENT_TIMESTAMP,
  PRIMARY KEY (`id`),
  KEY `media_media_type_id_fk` (`media_type_id`),
  KEY `media_user_id_fk` (`user_id`),
  CONSTRAINT `media_media_type_id_fk` FOREIGN KEY (`media_type_id`) REFERENCES `media_types` (`id`),
  CONSTRAINT `media_user_id_fk` FOREIGN KEY (`user_id`) REFERENCES `users` (`id`)
) ENGINE=InnoDB AUTO_INCREMENT=101 DEFAULT CHARSET=utf8 COLLATE=utf8_unicode_ci;
/*!40101 SET character_set_client = @saved_cs_client */;

--
-- Dumping data for table `media`
--

LOCK TABLES `media` WRITE;
/*!40000 ALTER TABLE `media` DISABLE KEYS */;
INSERT INTO `media` VALUES (1,1,43,'https://dropbox.com/vk/file_7651.jpg',2764426,'{\"owner\": \"REPLACED VALUE\"}','2010-11-08 03:19:32','2020-04-02 21:28:54'),(2,1,49,'https://dropbox.com/vk/file_5967.jpg',203193706,'{\"owner\": \"Angelita Metz\"}','2016-03-27 18:23:01','2020-04-02 21:28:54'),(3,2,16,'https://dropbox.com/vk/file_6883.jpg',486892,'{\"owner\": \"Armand Boyle\"}','2010-12-23 07:25:36','2020-04-02 21:28:54'),(4,1,31,'https://dropbox.com/vk/file_6612.jpg',9933079,'{\"owner\": \"Hershel Waelchi\"}','2016-03-20 18:10:50','2020-04-02 21:28:54'),(5,3,7,'https://dropbox.com/vk/file_2511.jpg',1272125,'{\"owner\": \"Mohammed O\'Connell\"}','2016-08-23 18:56:10','2020-04-02 21:28:54'),(6,1,42,'https://dropbox.com/vk/file_2620.jpg',6461384,'{\"owner\": \"Lester Orn\"}','2016-05-30 14:47:32','2020-04-02 21:28:54'),(7,3,86,'https://dropbox.com/vk/file_5567.jpg',8390550,'{\"owner\": \"Reynold Swift\"}','2015-04-22 21:20:41','2020-04-02 21:28:54'),(8,3,5,'https://dropbox.com/vk/file_177.jpg',2468603,'{\"owner\": \"Sylvia Kassulke\"}','2015-10-16 17:19:33','2020-04-02 21:28:54'),(9,2,66,'https://dropbox.com/vk/file_3980.jpg',272519,'{\"owner\": \"Jermey Gaylord\"}','2012-01-11 22:44:26','2020-04-02 21:28:54'),(10,2,16,'https://dropbox.com/vk/file_9471.jpg',39508962,'{\"owner\": \"Armand Boyle\"}','2013-12-16 01:10:11','2020-04-02 21:28:54'),(11,2,80,'https://dropbox.com/vk/file_5715.jpg',7071364,'{\"owner\": \"Breana Mayert\"}','2016-08-02 20:11:49','2020-04-02 21:28:54'),(12,3,52,'https://dropbox.com/vk/file_161.jpg',7851014,'{\"owner\": \"Gaetano Grimes\"}','2017-04-06 04:34:59','2020-04-02 21:28:54'),(13,2,21,'https://dropbox.com/vk/file_3457.jpg',7940982,'{\"owner\": \"Antonietta Barton\"}','2011-11-30 23:35:16','2020-04-02 21:28:54'),(14,1,47,'https://dropbox.com/vk/file_6905.jpg',6051869,'{\"owner\": \"Ima Moore\"}','2016-07-19 05:46:39','2020-04-02 21:28:54'),(15,1,73,'https://dropbox.com/vk/file_4353.jpg',6336402,'{\"owner\": \"Miguel Lowe\"}','2011-11-02 14:19:06','2020-04-02 21:28:54'),(16,1,21,'https://dropbox.com/vk/file_1052.jpg',3426405,'{\"owner\": \"Antonietta Barton\"}','2010-11-09 12:56:12','2020-04-02 21:28:54'),(17,2,87,'https://dropbox.com/vk/file_2097.jpg',8022819,'{\"owner\": \"Gussie Howell\"}','2010-12-21 03:48:59','2020-04-02 21:28:54'),(18,1,73,'https://dropbox.com/vk/file_7331.jpg',104813198,'{\"owner\": \"Miguel Lowe\"}','2014-12-18 08:00:02','2020-04-02 21:28:54'),(19,1,4,'https://dropbox.com/vk/file_665.jpg',158642831,'{\"owner\": \"Laurence Larkin\"}','2017-12-28 13:05:08','2020-04-02 21:28:54'),(20,1,98,'https://dropbox.com/vk/file_1131.jpg',55090,'{\"owner\": \"Leonel Hilll\"}','2011-11-10 03:50:33','2020-04-02 21:28:54'),(21,2,79,'https://dropbox.com/vk/file_3659.jpg',9734884,'{\"owner\": \"Roosevelt Stanton\"}','2018-07-20 16:00:21','2020-04-02 21:28:54'),(22,2,99,'https://dropbox.com/vk/file_5004.jpg',170903,'{\"owner\": \"Brandy Roberts\"}','2014-02-27 19:45:23','2020-04-02 21:28:54'),(23,3,59,'https://dropbox.com/vk/file_4143.jpg',962586,'{\"owner\": \"Prince Schuster\"}','2014-04-02 01:26:36','2020-04-02 21:28:54'),(24,1,97,'https://dropbox.com/vk/file_5704.jpg',4505965,'{\"owner\": \"Javier Wilderman\"}','2016-07-15 15:31:08','2020-04-02 21:28:54'),(25,1,10,'https://dropbox.com/vk/file_6191.jpg',3225176,'{\"owner\": \"Corrine Lockman\"}','2016-03-27 01:37:50','2020-04-02 21:28:54'),(26,3,55,'https://dropbox.com/vk/file_3941.jpg',45337187,'{\"owner\": \"Gerald Dach\"}','2016-10-22 07:40:02','2020-04-02 21:28:54'),(27,3,45,'https://dropbox.com/vk/file_1133.jpg',2507988,'{\"owner\": \"Shane Schimmel\"}','2010-10-19 09:29:52','2020-04-02 21:28:54'),(28,2,58,'https://dropbox.com/vk/file_3740.jpg',74795,'{\"owner\": \"Leonor Kozey\"}','2011-04-04 14:04:47','2020-04-02 21:28:54'),(29,2,56,'https://dropbox.com/vk/file_5402.jpg',2764411,'{\"owner\": \"Audie Orn\"}','2014-04-29 23:37:51','2020-04-02 21:28:54'),(30,2,5,'https://dropbox.com/vk/file_5889.jpg',6198095,'{\"owner\": \"Sylvia Kassulke\"}','2012-04-29 04:57:33','2020-04-02 21:28:54'),(31,1,57,'https://dropbox.com/vk/file_3339.jpg',2597245,'{\"owner\": \"Brendon Buckridge\"}','2014-09-05 19:11:37','2020-04-02 21:28:54'),(32,3,71,'https://dropbox.com/vk/file_8930.jpg',4291940,'{\"owner\": \"Reinhold Mann\"}','2011-01-06 01:42:33','2020-04-02 21:28:54'),(33,2,83,'https://dropbox.com/vk/file_4932.jpg',3567969,'{\"owner\": \"Wilfredo Kautzer\"}','2018-03-26 01:05:49','2020-04-02 21:28:54'),(34,2,2,'https://dropbox.com/vk/file_7769.jpg',4864026,'{\"owner\": \"Estel Walsh\"}','2019-04-27 05:03:30','2020-04-02 21:28:54'),(35,2,59,'https://dropbox.com/vk/file_4249.jpg',6872938,'{\"owner\": \"Prince Schuster\"}','2011-04-18 09:33:35','2020-04-02 21:28:54'),(36,1,91,'https://dropbox.com/vk/file_7838.jpg',3516227,'{\"owner\": \"Reilly Schimmel\"}','2015-02-25 06:07:21','2020-04-02 21:28:54'),(37,1,77,'https://dropbox.com/vk/file_6646.jpg',19373269,'{\"owner\": \"Virginia Borer\"}','2013-02-06 00:05:45','2020-04-02 21:28:54'),(38,2,11,'https://dropbox.com/vk/file_9712.jpg',71285,'{\"owner\": \"Alexandre Kiehn\"}','2018-08-09 12:06:55','2020-04-02 21:28:54'),(39,1,22,'https://dropbox.com/vk/file_8827.jpg',2889057,'{\"owner\": \"Lillie Stiedemann\"}','2012-11-01 22:14:24','2020-04-02 21:28:54'),(40,2,79,'https://dropbox.com/vk/file_5098.jpg',388740,'{\"owner\": \"Roosevelt Stanton\"}','2011-09-29 15:58:44','2020-04-02 21:28:54'),(41,1,28,'https://dropbox.com/vk/file_8909.jpg',249530,'{\"owner\": \"Eloise Fadel\"}','2011-10-25 10:04:38','2020-04-02 21:28:54'),(42,1,100,'https://dropbox.com/vk/file_9450.jpg',9949820,'{\"owner\": \"Ulises Wunsch\"}','2018-12-31 22:16:56','2020-04-02 21:28:54'),(43,1,18,'https://dropbox.com/vk/file_724.jpg',3796608,'{\"owner\": \"Easter Osinski\"}','2017-08-18 19:05:57','2020-04-02 21:28:54'),(44,1,90,'https://dropbox.com/vk/file_4969.jpg',215870,'{\"owner\": \"Polly Feest\"}','2013-02-18 12:16:08','2020-04-02 21:28:54'),(45,3,97,'https://dropbox.com/vk/file_2873.jpg',9589526,'{\"owner\": \"Javier Wilderman\"}','2015-11-27 17:42:33','2020-04-02 21:28:54'),(46,3,11,'https://dropbox.com/vk/file_9358.jpg',7200027,'{\"owner\": \"Alexandre Kiehn\"}','2017-06-17 16:09:48','2020-04-02 21:28:54'),(47,1,66,'https://dropbox.com/vk/file_8472.jpg',7131559,'{\"owner\": \"Jermey Gaylord\"}','2015-08-06 18:01:22','2020-04-02 21:28:54'),(48,1,94,'https://dropbox.com/vk/file_4386.jpg',3957715,'{\"owner\": \"Bettye Lebsack\"}','2013-01-19 01:14:15','2020-04-02 21:28:54'),(49,1,74,'https://dropbox.com/vk/file_6414.jpg',8293901,'{\"owner\": \"Viola Simonis\"}','2019-01-01 03:39:31','2020-04-02 21:28:54'),(50,2,86,'https://dropbox.com/vk/file_9013.jpg',78723817,'{\"owner\": \"Reynold Swift\"}','2011-02-16 12:15:11','2020-04-02 21:28:54'),(51,3,9,'https://dropbox.com/vk/file_6024.jpg',41178179,'{\"owner\": \"Toby Pollich\"}','2016-08-25 17:58:20','2020-04-02 21:28:54'),(52,2,85,'https://dropbox.com/vk/file_3081.jpg',12053410,'{\"owner\": \"Ricky Wunsch\"}','2010-04-27 10:07:16','2020-04-02 21:28:54'),(53,2,96,'https://dropbox.com/vk/file_7232.jpg',9496362,'{\"owner\": \"Maxime Turner\"}','2016-12-28 17:03:34','2020-04-02 21:28:54'),(54,2,26,'https://dropbox.com/vk/file_7119.jpg',37532155,'{\"owner\": \"Guadalupe Schumm\"}','2019-08-20 16:32:26','2020-04-02 21:28:54'),(55,3,43,'https://dropbox.com/vk/file_3999.jpg',2500113,'{\"owner\": \"Zoila Funk\"}','2019-11-07 23:32:27','2020-04-02 21:28:54'),(56,2,35,'https://dropbox.com/vk/file_8537.jpg',30173486,'{\"owner\": \"Theo Botsford\"}','2011-09-28 02:30:45','2020-04-02 21:28:54'),(57,3,46,'https://dropbox.com/vk/file_990.jpg',3911479,'{\"owner\": \"Luz Hahn\"}','2015-03-12 03:43:19','2020-04-02 21:28:54'),(58,3,25,'https://dropbox.com/vk/file_9034.jpg',1957058,'{\"owner\": \"Toni Jacobi\"}','2017-01-15 22:28:32','2020-04-02 21:28:54'),(59,2,88,'https://dropbox.com/vk/file_2604.jpg',5041132,'{\"owner\": \"Chloe Bartoletti\"}','2014-07-14 16:26:13','2020-04-02 21:28:54'),(60,2,63,'https://dropbox.com/vk/file_5716.jpg',7950856,'{\"owner\": \"Annette Miller\"}','2010-11-23 07:40:17','2020-04-02 21:28:54'),(61,3,52,'https://dropbox.com/vk/file_971.jpg',3783107,'{\"owner\": \"Gaetano Grimes\"}','2016-06-09 20:49:21','2020-04-02 21:28:54'),(62,1,71,'https://dropbox.com/vk/file_7502.jpg',374556,'{\"owner\": \"Reinhold Mann\"}','2012-06-23 18:30:31','2020-04-02 21:28:54'),(63,3,99,'https://dropbox.com/vk/file_4901.jpg',4962971,'{\"owner\": \"Brandy Roberts\"}','2019-11-25 05:23:33','2020-04-02 21:28:54'),(64,2,80,'https://dropbox.com/vk/file_1999.jpg',3365536,'{\"owner\": \"Breana Mayert\"}','2018-06-04 07:40:39','2020-04-02 21:28:54'),(65,3,1,'https://dropbox.com/vk/file_5191.jpg',74591,'{\"owner\": \"Laura Gusikowski\"}','2019-08-29 00:07:36','2020-04-02 21:28:54'),(66,1,66,'https://dropbox.com/vk/file_160.jpg',29077630,'{\"owner\": \"Jermey Gaylord\"}','2018-01-19 14:46:11','2020-04-02 21:28:54'),(67,1,26,'https://dropbox.com/vk/file_5022.jpg',22897,'{\"owner\": \"Guadalupe Schumm\"}','2016-12-20 01:56:47','2020-04-02 21:28:54'),(68,2,31,'https://dropbox.com/vk/file_4834.jpg',1838769,'{\"owner\": \"Hershel Waelchi\"}','2016-10-22 19:09:31','2020-04-02 21:28:54'),(69,2,77,'https://dropbox.com/vk/file_9102.jpg',12846292,'{\"owner\": \"Virginia Borer\"}','2016-01-15 14:32:27','2020-04-02 21:28:54'),(70,1,94,'https://dropbox.com/vk/file_1312.jpg',91480,'{\"owner\": \"Bettye Lebsack\"}','2015-10-23 19:39:49','2020-04-02 21:28:54'),(71,1,35,'https://dropbox.com/vk/file_8950.jpg',2230643,'{\"owner\": \"Theo Botsford\"}','2018-01-19 20:23:39','2020-04-02 21:28:54'),(72,3,93,'https://dropbox.com/vk/file_1219.jpg',8997236,'{\"owner\": \"Filiberto Heathcote\"}','2019-07-31 22:10:42','2020-04-02 21:28:54'),(73,1,62,'https://dropbox.com/vk/file_8939.jpg',433367,'{\"owner\": \"Nathan Kertzmann\"}','2018-09-18 16:42:28','2020-04-02 21:28:54'),(74,2,27,'https://dropbox.com/vk/file_1441.jpg',9369880,'{\"owner\": \"Kylie D\'Amore\"}','2015-04-09 13:32:30','2020-04-02 21:28:54'),(75,3,51,'https://dropbox.com/vk/file_187.jpg',65009489,'{\"owner\": \"Elijah Carter\"}','2010-10-28 05:27:02','2020-04-02 21:28:54'),(76,3,75,'https://dropbox.com/vk/file_6512.jpg',9757693,'{\"owner\": \"Alva Dare\"}','2015-03-11 03:02:02','2020-04-02 21:28:54'),(77,2,19,'https://dropbox.com/vk/file_2299.jpg',179711,'{\"owner\": \"Dock Braun\"}','2019-08-09 09:55:10','2020-04-02 21:28:54'),(78,2,72,'https://dropbox.com/vk/file_1860.jpg',47228,'{\"owner\": \"Ryann Koelpin\"}','2015-11-20 02:30:26','2020-04-02 21:28:54'),(79,2,100,'https://dropbox.com/vk/file_2403.jpg',629647,'{\"owner\": \"Ulises Wunsch\"}','2015-10-10 17:42:51','2020-04-02 21:28:54'),(80,2,86,'https://dropbox.com/vk/file_6435.jpg',578830,'{\"owner\": \"Reynold Swift\"}','2019-09-30 06:22:48','2020-04-02 21:28:54'),(81,1,29,'https://dropbox.com/vk/file_5165.jpg',3521069,'{\"owner\": \"Robb Koelpin\"}','2019-12-24 08:19:46','2020-04-02 21:28:54'),(82,2,88,'https://dropbox.com/vk/file_6520.jpg',97426126,'{\"owner\": \"Chloe Bartoletti\"}','2014-02-08 09:48:55','2020-04-02 21:28:54'),(83,2,51,'https://dropbox.com/vk/file_7207.jpg',6780479,'{\"owner\": \"Elijah Carter\"}','2011-07-24 11:33:04','2020-04-02 21:28:54'),(84,3,91,'https://dropbox.com/vk/file_6574.jpg',5768860,'{\"owner\": \"Reilly Schimmel\"}','2014-03-18 09:36:18','2020-04-02 21:28:54'),(85,3,1,'https://dropbox.com/vk/file_1350.jpg',8181093,'{\"owner\": \"Laura Gusikowski\"}','2015-06-27 13:47:23','2020-04-02 21:28:54'),(86,2,30,'https://dropbox.com/vk/file_6825.jpg',3498890,'{\"owner\": \"Monserrat Thiel\"}','2015-02-21 14:19:54','2020-04-02 21:28:54'),(87,1,48,'https://dropbox.com/vk/file_376.jpg',2851171,'{\"owner\": \"Colleen Smith\"}','2010-08-24 02:38:04','2020-04-02 21:28:54'),(88,1,51,'https://dropbox.com/vk/file_1204.jpg',547098,'{\"owner\": \"Elijah Carter\"}','2012-06-03 11:06:13','2020-04-02 21:28:54'),(89,1,8,'https://dropbox.com/vk/file_4890.jpg',3659186,'{\"owner\": \"Heber Stark\"}','2019-08-06 02:45:35','2020-04-02 21:28:54'),(90,1,88,'https://dropbox.com/vk/file_1039.jpg',9642421,'{\"owner\": \"Chloe Bartoletti\"}','2016-04-20 22:22:27','2020-04-02 21:28:54'),(91,2,14,'https://dropbox.com/vk/file_423.jpg',5888645,'{\"owner\": \"Theresa Goyette\"}','2014-06-10 09:21:44','2020-04-02 21:28:54'),(92,1,7,'https://dropbox.com/vk/file_8896.jpg',568079,'{\"owner\": \"Mohammed O\'Connell\"}','2019-12-25 00:44:35','2020-04-02 21:28:54'),(93,1,92,'https://dropbox.com/vk/file_3617.jpg',7134552,'{\"owner\": \"Cora Hayes\"}','2014-10-28 02:19:06','2020-04-02 21:28:54'),(94,1,37,'https://dropbox.com/vk/file_1293.jpg',948583570,'{\"owner\": \"Anna Waters\"}','2017-02-23 21:51:44','2020-04-02 21:28:54'),(95,1,8,'https://dropbox.com/vk/file_5514.jpg',6645499,'{\"owner\": \"Heber Stark\"}','2015-07-02 03:20:21','2020-04-02 21:28:54'),(96,2,30,'https://dropbox.com/vk/file_3890.jpg',99540510,'{\"owner\": \"Monserrat Thiel\"}','2013-04-21 20:48:23','2020-04-02 21:28:54'),(97,1,24,'https://dropbox.com/vk/file_2910.jpg',581512521,'{\"owner\": \"Sierra Pfeffer\"}','2011-05-14 00:47:45','2020-04-02 21:28:54'),(98,2,30,'https://dropbox.com/vk/file_2879.jpg',1723843,'{\"owner\": \"Monserrat Thiel\"}','2013-05-02 21:31:37','2020-04-02 21:28:54'),(99,1,79,'https://dropbox.com/vk/file_5662.jpg',8582717,'{\"owner\": \"Roosevelt Stanton\"}','2010-04-30 13:04:36','2020-04-02 21:28:54'),(100,3,4,'https://dropbox.com/vk/file_9777.jpg',7642062,'{\"owner\": \"Laurence Larkin\"}','2019-01-02 13:47:48','2020-04-02 21:28:54');
/*!40000 ALTER TABLE `media` ENABLE KEYS */;
UNLOCK TABLES;

--
-- Table structure for table `media_types`
--

DROP TABLE IF EXISTS `media_types`;
/*!40101 SET @saved_cs_client     = @@character_set_client */;
/*!50503 SET character_set_client = utf8mb4 */;
CREATE TABLE `media_types` (
  `id` int unsigned NOT NULL AUTO_INCREMENT,
  `name` varchar(250) CHARACTER SET utf8 COLLATE utf8_unicode_ci NOT NULL,
  PRIMARY KEY (`id`),
  UNIQUE KEY `name` (`name`)
) ENGINE=InnoDB AUTO_INCREMENT=4 DEFAULT CHARSET=utf8 COLLATE=utf8_unicode_ci;
/*!40101 SET character_set_client = @saved_cs_client */;

--
-- Dumping data for table `media_types`
--

LOCK TABLES `media_types` WRITE;
/*!40000 ALTER TABLE `media_types` DISABLE KEYS */;
INSERT INTO `media_types` VALUES (3,'audio'),(1,'photo'),(2,'video');
/*!40000 ALTER TABLE `media_types` ENABLE KEYS */;
UNLOCK TABLES;

--
-- Table structure for table `messages`
--

DROP TABLE IF EXISTS `messages`;
/*!40101 SET @saved_cs_client     = @@character_set_client */;
/*!50503 SET character_set_client = utf8mb4 */;
CREATE TABLE `messages` (
  `id` int unsigned NOT NULL AUTO_INCREMENT,
  `from_user_id` int unsigned NOT NULL,
  `to_user_id` int unsigned NOT NULL,
  `body` text CHARACTER SET utf8 COLLATE utf8_unicode_ci NOT NULL,
  `is_important` tinyint(1) DEFAULT NULL,
  `is_delivered` tinyint(1) DEFAULT NULL,
  `created_at` datetime DEFAULT CURRENT_TIMESTAMP,
  PRIMARY KEY (`id`),
  KEY `messages_from_user_id_fk` (`from_user_id`),
  KEY `messages_to_user_id_fk` (`to_user_id`),
  CONSTRAINT `messages_from_user_id_fk` FOREIGN KEY (`from_user_id`) REFERENCES `users` (`id`),
  CONSTRAINT `messages_to_user_id_fk` FOREIGN KEY (`to_user_id`) REFERENCES `users` (`id`)
) ENGINE=InnoDB AUTO_INCREMENT=101 DEFAULT CHARSET=utf8 COLLATE=utf8_unicode_ci;
/*!40101 SET character_set_client = @saved_cs_client */;

--
-- Dumping data for table `messages`
--

LOCK TABLES `messages` WRITE;
/*!40000 ALTER TABLE `messages` DISABLE KEYS */;
INSERT INTO `messages` VALUES (1,81,49,'Officia perferendis aliquid quod ratione iure dolores. Qui error dolorum quibusdam. Quas atque reprehenderit qui quia dolores. Blanditiis ex et consequatur quia maiores officia odio.',1,0,'2020-03-05 09:34:00'),(2,2,61,'Laboriosam nisi soluta voluptas praesentium perspiciatis ex. Necessitatibus dolor eius veritatis minus tempora est et. Perferendis adipisci voluptatem voluptas in quos.',1,0,'2020-03-21 22:34:36'),(3,98,7,'Sint maxime nemo similique aut nulla nisi nihil. Qui perspiciatis suscipit numquam tempora libero sed. Cumque odio rem illo sit iure accusamus. Dolores architecto recusandae iure. Culpa consequatur veritatis repellat a.',0,0,'2020-03-26 15:58:02'),(4,39,76,'Fugit aut veritatis impedit itaque ipsum molestias. Consequatur adipisci iusto vel consequuntur modi soluta voluptatibus. Aut qui ratione et est eos ab quo.',1,1,'2020-03-28 01:30:43'),(5,61,77,'Sit deleniti nesciunt odio omnis beatae fugit. Quae ipsam fuga omnis dolores. Porro deleniti laboriosam numquam ut ipsa.',0,1,'2020-03-11 00:34:49'),(6,1,74,'Doloribus consequatur omnis cumque omnis quasi. Aut enim inventore optio laborum sit. Qui quia unde doloremque atque. Non libero rerum qui aperiam rerum reiciendis.',1,1,'2020-03-04 00:27:47'),(7,68,14,'Vel aperiam pariatur fuga consequuntur et rerum praesentium. Blanditiis at ut expedita doloremque est eius enim. Neque vero commodi quibusdam et et commodi repellat qui.',0,0,'2020-03-18 16:32:08'),(8,68,99,'Ipsam aut praesentium quas magni facilis deleniti. Quia aperiam molestiae nam quaerat rerum. Ratione consequatur ipsam ea consequuntur molestiae nesciunt quo. Impedit ea a fuga consequuntur qui harum corrupti qui.',0,1,'2020-03-29 22:03:59'),(9,87,39,'Quisquam veritatis qui quos aspernatur. Velit sed sed quae assumenda quia ut commodi. Hic est qui impedit ullam sed est iste aut. Cum rerum expedita dolore provident eaque.',1,1,'2020-03-14 20:02:00'),(10,34,51,'Quod pariatur quibusdam nisi quo impedit. Totam et quis sit ut rerum excepturi et. Quas non fuga ex dolorem animi sunt magni. Id est omnis vero voluptas iure molestiae.',0,1,'2020-03-22 02:34:13'),(11,54,15,'Explicabo laudantium sunt est eligendi aut. Neque quis cum cupiditate tenetur et soluta culpa. Sint qui consectetur quas commodi voluptate vitae aut totam. Ducimus aut officia eos consectetur cumque sit. Blanditiis ut inventore ea ducimus ducimus inventore.',0,1,'2020-03-22 02:14:54'),(12,13,20,'Quam voluptas facilis qui dolorum dicta. Rerum exercitationem assumenda magni et aut similique. Deserunt voluptatem nemo nisi ea libero dolores.',0,1,'2020-03-14 18:44:00'),(13,62,49,'Quia aut et a non optio. Eaque impedit odio nihil ab.',0,1,'2020-03-22 20:06:59'),(14,57,38,'Ut maxime quos quod pariatur est est. Quibusdam id perferendis magnam reprehenderit consequatur. Voluptates repudiandae commodi omnis dolore. Tempora porro voluptatem aperiam voluptatibus.',1,1,'2020-03-19 19:38:26'),(15,18,74,'Qui cupiditate sint tenetur aut. Ea quod est consectetur impedit nemo quod. Consequuntur nisi quis est illum. Optio perspiciatis rem quaerat quo consequatur. Et unde voluptatem excepturi facilis reiciendis facere veniam.',1,0,'2020-03-07 23:15:04'),(16,18,66,'Aut ducimus voluptas labore omnis atque. Et ut esse est aut molestiae voluptatem. Ipsam voluptatum quo reiciendis esse. Delectus sint doloremque et ad earum qui.',1,1,'2020-03-12 13:02:32'),(17,78,89,'Id cupiditate est illo nihil accusamus omnis doloremque. Molestias nihil odio ipsa voluptatum. Dolor est blanditiis qui quia qui.',0,0,'2020-03-07 01:09:11'),(18,11,90,'Et odit vero eveniet illo ipsum harum. Beatae et blanditiis adipisci deleniti possimus. Quia enim impedit dicta consequatur.',1,1,'2020-03-18 00:08:03'),(19,14,98,'Facere mollitia magni dolorum pariatur necessitatibus quisquam. Cupiditate aliquam sit exercitationem. Quos aut debitis doloremque ut doloribus. Totam molestiae provident et et optio quia.',0,0,'2020-03-29 14:18:11'),(20,51,59,'Voluptas aliquid saepe dignissimos repudiandae eius placeat. Necessitatibus minus deserunt quam sunt. Magnam itaque repellendus officia inventore et. Qui qui quos dolor vel ducimus qui. Dolorem velit nulla veritatis debitis non at.',1,1,'2020-03-22 19:15:25'),(21,43,38,'Quaerat tempore saepe veniam velit unde debitis ut. Molestias sit vel explicabo consequuntur. Nesciunt aut quasi laborum consectetur asperiores delectus sunt voluptatem. Vero tenetur nostrum et eius.',0,1,'2020-03-13 21:02:33'),(22,60,85,'Dolorem rerum vero eum vero sapiente quaerat est. Dolor at voluptate qui et. Harum nesciunt corporis aspernatur maiores pariatur nostrum placeat. Sint dolorem tenetur tenetur autem similique ad.',1,0,'2020-03-04 06:08:15'),(23,44,65,'Velit consequatur deserunt praesentium cupiditate facilis quia. Qui libero iure tenetur eveniet. Est voluptatum iusto nulla impedit nesciunt ea repudiandae atque. Debitis ullam explicabo quasi eos iusto illum explicabo.',1,0,'2020-03-05 03:57:49'),(24,92,64,'Accusamus unde deleniti est repudiandae corrupti. Voluptates asperiores est suscipit maiores similique enim placeat. Reprehenderit dignissimos laboriosam et enim autem mollitia consectetur consequatur. Suscipit est omnis fugiat. Est nihil dolore aut atque voluptatem atque.',0,0,'2020-03-17 03:32:07'),(25,42,19,'Inventore sapiente odit error maxime ut cum iusto. Et minima odit maxime hic qui quis. Sapiente ducimus ea rerum consequatur quis delectus optio eaque. Delectus minima consequatur libero rem pariatur.',1,1,'2020-03-29 01:25:16'),(26,70,92,'Porro rerum dolorem dolore est. Quaerat totam id eum facilis commodi iure nemo rem. Ut ut veniam quasi minima. Ullam delectus est autem est.',0,1,'2020-03-03 04:49:19'),(27,50,73,'Rerum ut et possimus alias dolorem eum quo. Dolorum aut repellendus enim dolore et. Repudiandae voluptatum architecto molestiae nobis iusto ad.',1,1,'2020-03-27 22:50:34'),(28,14,51,'Eos ex quos impedit quaerat nulla est est. Hic sed totam vel voluptatibus consequatur dignissimos culpa.',0,1,'2020-03-25 02:01:44'),(29,12,7,'Aliquid tempore odio id. Velit rem maxime beatae optio. Autem commodi consequatur a quod. Alias eius voluptatum magni illo facilis.',1,0,'2020-03-08 02:58:44'),(30,98,68,'Sit dolores quasi praesentium laborum tempore illum dolorem. Nam consequatur expedita a expedita. Eaque aut autem esse eos et. Quae autem voluptatem et est.',0,1,'2020-03-18 16:51:02'),(31,45,23,'Numquam deserunt non officia maiores facere quibusdam. Consequuntur quo amet et omnis qui ipsum voluptas. Consequatur doloremque suscipit nihil doloremque. Qui nobis voluptates autem animi.',0,0,'2020-03-23 04:51:26'),(32,78,22,'Totam quaerat quia et id et unde voluptatibus. Excepturi facere necessitatibus corporis voluptatum velit tempora. Exercitationem officia sed sint dicta ratione soluta occaecati.',0,1,'2020-03-17 21:43:18'),(33,75,8,'Voluptas numquam doloremque nobis nihil sit. In ad nesciunt dolor in est totam. Cupiditate modi in facere mollitia.',1,1,'2020-03-18 05:19:44'),(34,13,40,'Exercitationem amet ad qui. A hic incidunt mollitia. Et sapiente aliquam aut sequi excepturi laborum voluptas. Maiores delectus ducimus iure.',0,0,'2020-03-04 05:11:55'),(35,62,88,'Error quas sit quibusdam et reprehenderit. Qui voluptatem dignissimos libero.',1,1,'2020-03-27 16:31:05'),(36,55,11,'Ut iure laborum autem praesentium quaerat minus praesentium. Molestias natus aut quia provident quia itaque fugiat. Earum veniam recusandae in facere soluta eius vel.',0,1,'2020-03-19 05:43:46'),(37,87,4,'Et voluptas reiciendis consequatur sit ullam iusto. Quas possimus iure enim fugit. Libero dolore doloremque reiciendis nobis ut.',0,1,'2020-03-14 13:59:56'),(38,59,83,'Aut qui illo voluptates vero dolorem qui. Illum sint sequi neque quaerat consequatur. Officia eum qui et quae doloribus.',0,1,'2020-03-13 01:04:02'),(39,35,25,'Ut ut vitae et ea ut. Qui repellendus corrupti a facilis quod nostrum. Modi modi necessitatibus sed et sit veniam voluptatem. Aut pariatur quasi omnis dolores.',1,1,'2020-03-13 18:36:07'),(40,21,28,'Similique vel nesciunt dolorem adipisci blanditiis adipisci. Maiores atque magnam officiis laborum.',1,1,'2020-03-02 10:33:13'),(41,79,11,'Nesciunt qui magnam facere ut dolorem laborum impedit. Numquam architecto ut ea suscipit. Enim placeat explicabo sed qui ex.',0,0,'2020-03-07 05:41:03'),(42,18,56,'Dolorem mollitia est delectus dignissimos sint hic quia. Deserunt et minima quas tenetur voluptatum illo consequatur voluptatibus. Exercitationem optio temporibus est nihil esse placeat.',1,1,'2020-03-05 10:28:30'),(43,26,63,'Tempore et unde est non voluptatum. Ex non nemo ut natus. Eligendi voluptas ex necessitatibus iusto sed inventore. Aut et consequatur dicta explicabo consequatur molestiae eveniet.',0,0,'2020-03-11 10:01:54'),(44,34,82,'Unde quia dignissimos ipsa eum. Qui nam nobis atque.',1,0,'2020-03-13 05:45:15'),(45,6,85,'Debitis minus ipsum repudiandae et aut voluptatem eum facere. Doloremque dignissimos dolor animi adipisci aut est consequatur. Aliquam adipisci modi quis sapiente. Voluptates commodi illum odit ratione rerum illo.',0,0,'2020-03-12 04:18:58'),(46,4,66,'Cupiditate labore repudiandae animi consequatur nisi. Libero nihil nisi repellat dolorum veritatis. Quae ipsam et aspernatur vel illum nam enim nobis. Maxime illum et ex soluta.',0,1,'2020-03-08 17:39:52'),(47,15,80,'Natus eum delectus doloribus. Asperiores sed et quia enim est voluptatibus quia delectus. Omnis distinctio at est magnam. Esse aliquid et dolorem qui est expedita ea ratione. Vero et odio qui rerum repudiandae soluta officiis.',1,0,'2020-03-26 10:33:54'),(48,54,30,'Dolor explicabo est est quidem tempore aut officia. Tempora mollitia expedita fuga sequi. Doloremque est iste dolorem qui.',1,0,'2020-03-12 12:46:46'),(49,88,50,'Esse optio labore dolor in maiores ut ad quo. Et explicabo et explicabo molestiae. Nihil non sequi quis. Dolores quia aut accusamus beatae hic eius impedit.',0,1,'2020-03-09 23:03:17'),(50,84,71,'Fuga molestias inventore tempore blanditiis architecto eum qui eveniet. Cum quidem omnis suscipit consectetur iste autem minus. Autem est et fuga corrupti labore.',1,0,'2020-03-12 10:58:14'),(51,2,98,'Et doloribus perferendis nihil sunt dolorem magnam. Labore et id iusto ea. Porro perferendis voluptatibus accusamus ipsa ex impedit tempora voluptates. Vel modi fugiat accusantium aut.',1,0,'2020-03-25 09:38:45'),(52,83,21,'Et voluptatum unde modi eius unde corporis laudantium qui. Maiores dolorem ut error repellendus esse rerum doloribus error.',0,1,'2020-03-04 14:09:06'),(53,54,6,'Ullam itaque illo velit aperiam. Labore aut sunt sapiente itaque enim doloremque. Harum assumenda et hic aut repellendus molestiae voluptatem.',0,0,'2020-03-23 08:30:31'),(54,67,17,'Qui nobis itaque vitae voluptates earum doloremque ut. Quae est at odio fugit aut possimus. Provident sit veritatis quisquam laudantium totam. Eum sed dignissimos eum ratione provident.',0,1,'2020-03-27 13:00:53'),(55,84,70,'Vel est est veniam. Sapiente omnis cum quibusdam. Reprehenderit qui a eligendi natus eos.',1,0,'2020-03-05 08:23:50'),(56,97,72,'Dolores beatae est delectus architecto. Error inventore distinctio alias adipisci voluptas sequi inventore. Voluptate eligendi quia dicta quas aut magni illum.',1,0,'2020-03-18 20:19:02'),(57,70,31,'Illum recusandae qui incidunt qui. Quia saepe quasi blanditiis. Adipisci autem consequatur est officiis.',1,1,'2020-03-30 10:15:06'),(58,48,46,'Voluptas aliquid rerum nam temporibus accusantium voluptatem cum. Ab ea earum omnis deserunt possimus perferendis.',0,1,'2020-03-15 04:38:52'),(59,86,89,'Fugiat ratione sit fugit vel nostrum laudantium voluptates omnis. Delectus commodi voluptatem repellat nam. Qui aut occaecati nulla exercitationem. Veritatis provident quos assumenda nam consequatur. Beatae est dolores nulla fugit.',1,1,'2020-03-19 21:02:09'),(60,87,68,'At odio qui corrupti. Ipsa est adipisci id commodi sit minima sunt. Totam vel laborum iste perspiciatis dolorum. Sed eum aut exercitationem iure voluptas.',1,1,'2020-03-06 09:04:47'),(61,80,95,'Velit quam incidunt aut omnis culpa et. Dolores et eligendi qui non impedit culpa culpa est. Sed nostrum vitae molestiae ipsum. Voluptatem esse iusto fugiat sit.',0,0,'2020-03-09 12:31:12'),(62,32,77,'Nisi sequi excepturi officiis non maiores reprehenderit deserunt ea. Enim unde sequi consectetur magnam iure iste esse. Dolorem voluptas vel odio error ex vel aut qui.',0,0,'2020-03-11 15:21:05'),(63,89,14,'Culpa magni dolore sapiente dolore aliquam. Voluptas et nulla molestias ab. Laboriosam est beatae praesentium optio et qui nisi.',0,0,'2020-03-18 22:59:49'),(64,100,60,'Pariatur aut hic excepturi fugiat. Non quia excepturi ex officiis error. Temporibus omnis placeat earum adipisci qui quia a maxime. Inventore hic non officia ratione. Ipsam et aliquam atque maxime qui aspernatur.',0,1,'2020-03-02 19:05:03'),(65,100,20,'Rerum ut ut id. Minima reiciendis delectus nobis iste. Voluptas quisquam sit omnis omnis. Quia ratione aut tempora sed dicta.',1,0,'2020-03-26 00:00:08'),(66,98,28,'Perferendis consectetur itaque corporis voluptatem. Aut beatae cumque a saepe. Quam eos qui itaque enim.',1,0,'2020-03-10 04:31:36'),(67,45,44,'Ut distinctio et vel ut et non temporibus. Est facilis excepturi velit commodi quia voluptatem est. Doloribus atque eum deserunt qui voluptates. Quod quasi ea minus sit porro id repellendus facere.',0,0,'2020-03-05 09:40:54'),(68,82,77,'Rem aspernatur sit perspiciatis et. Repellat sed quas incidunt repellendus animi facilis. Iusto quaerat eligendi quod.',0,0,'2020-03-06 00:20:08'),(69,39,63,'Quasi in blanditiis sapiente saepe facere non totam. Rem et quo qui id omnis explicabo. Adipisci ut deleniti et sunt labore nisi. Et illo tempore dolor eius debitis ut.',0,0,'2020-03-16 07:53:09'),(70,100,8,'Autem nulla perferendis impedit odio. Tempore harum vel aperiam doloremque veniam. Pariatur veniam delectus voluptas ut distinctio. Suscipit magni non rerum suscipit voluptate ea. Maiores soluta vero earum totam omnis sit.',0,0,'2020-03-24 03:50:16'),(71,42,85,'Deleniti rerum sapiente non. Similique veniam pariatur fugit ad illo id quos. Et expedita ullam corrupti ut nulla eos eos ea. Illum eum voluptatibus sed ratione accusantium ut.',0,1,'2020-03-12 14:45:36'),(72,97,29,'Aut dolor reprehenderit magnam sapiente quasi quidem. Reprehenderit officiis eveniet non occaecati quibusdam eos rem. Qui necessitatibus ut deleniti molestiae tempora.',0,1,'2020-03-03 01:23:36'),(73,55,87,'Facere soluta magnam molestiae odio molestias unde voluptatem. Voluptas unde quia magni. Vel aut qui minima sequi.',0,1,'2020-03-08 04:09:27'),(74,69,82,'Qui itaque rerum aliquid atque aut qui. Omnis ut a voluptatem minima expedita officia consequatur. Veritatis voluptas consequatur iste et et. Qui dolore consequatur recusandae officia voluptas omnis.',1,1,'2020-03-23 07:42:30'),(75,4,72,'Aut ullam cupiditate velit fugit. Quis dolor voluptatum doloribus enim alias. Voluptatem alias suscipit animi earum aliquam. Sed nihil cumque ex suscipit et quidem ut.',1,0,'2020-03-04 12:16:41'),(76,50,33,'Facilis quibusdam perferendis assumenda qui laudantium voluptatem aut labore. Earum magni et voluptatem cupiditate mollitia illum facere. Dolor vel voluptatem assumenda omnis consectetur iusto.',1,0,'2020-03-24 17:40:54'),(77,15,74,'Ipsam aperiam eum dolore est facere et. Exercitationem dolorem excepturi mollitia soluta tenetur sint. Corporis aliquid quis temporibus iste omnis eligendi alias.',1,1,'2020-03-16 09:44:48'),(78,27,12,'Provident culpa porro voluptatem aut omnis dicta sint. Et aut maxime placeat debitis. Distinctio nesciunt quas necessitatibus odio. Quia sequi reiciendis dignissimos reiciendis est eveniet dignissimos.',0,0,'2020-03-24 02:37:07'),(79,79,58,'Repellat consectetur ipsam et. Vel minima maxime autem repellendus et suscipit. Tenetur autem ut amet voluptas ratione quibusdam suscipit. Eligendi itaque fugiat quibusdam molestiae labore similique provident. Molestiae alias aliquam repellat provident.',1,0,'2020-03-08 11:51:47'),(80,54,94,'Sint aliquid temporibus at vel. Officia doloremque hic ut optio ea suscipit.',0,1,'2020-03-15 11:59:14'),(81,8,59,'Enim sunt aut quod dolorem qui inventore et voluptas. Soluta omnis exercitationem cumque. Impedit cum et enim sint aperiam adipisci illo.',0,1,'2020-03-19 03:19:26'),(82,71,76,'Autem ut et et voluptate accusantium ea consequatur sed. Quidem veritatis sed voluptas vero repellendus nihil. Consequatur labore facere veniam aut sed. Quod perferendis eum hic odio architecto voluptatibus dolor.',0,1,'2020-03-19 19:29:24'),(83,69,13,'Rerum aut quasi delectus architecto fuga enim fugit accusantium. Numquam quis aliquam saepe animi laborum sunt. Facilis sunt voluptatum consequatur aut distinctio facere. Exercitationem eos qui sed.',1,0,'2020-03-21 20:04:55'),(84,60,60,'Cupiditate qui iure optio non. Et cum rerum quia. Dolores consequatur deleniti sed quae quia fuga consequatur autem. Autem inventore molestias consequatur et.',0,0,'2020-03-10 16:09:03'),(85,20,21,'At tempore quis sit eligendi assumenda nam qui. Delectus exercitationem rerum ducimus aut aliquam aut. Dolores velit et velit hic laboriosam. Sed quidem dolore quis corporis inventore sed. Nemo ut vitae in dolores laborum in vero.',1,0,'2020-03-28 10:27:05'),(86,42,48,'Sit facere itaque ut ratione voluptates. Veniam distinctio quae aspernatur porro enim. Sint dicta asperiores aut est.',0,0,'2020-03-15 04:40:32'),(87,12,17,'Consequatur at nostrum ducimus facilis dolor. Quaerat fuga odit qui error. Rem aut nobis recusandae exercitationem. Illo cum fuga beatae at veritatis dolor.',1,0,'2020-03-18 06:59:30'),(88,50,96,'Dolore quia autem quam eligendi molestias ut est. Nihil quasi tempora vel voluptas. Ea eos eligendi facere magni.',0,1,'2020-03-05 03:48:59'),(89,31,64,'Sint nostrum similique esse doloribus a et. Dolorum cumque amet optio iusto rerum consectetur. Eum quae voluptas sint dolor occaecati quia. Quisquam iure accusamus quod consequatur dolorum. Sit voluptas molestias non inventore quas.',1,0,'2020-03-27 13:42:13'),(90,29,53,'Minus non et tempora dolorum aspernatur et dicta. Ipsa nam nostrum delectus iure. Aspernatur libero et et ut dolorem corrupti. Dolores provident autem voluptatem dignissimos ut.',0,1,'2020-03-27 22:57:44'),(91,77,25,'Assumenda reprehenderit repellat ullam aut quis recusandae ipsum. Maiores et voluptas dignissimos et libero ipsa natus. Iure rerum animi ratione sed molestiae. Corporis reiciendis molestiae aut repudiandae.',0,0,'2020-03-23 04:14:39'),(92,96,1,'Et architecto iure repellat quia quas vel. Dolorem et dicta deleniti provident quas eum ea. Reprehenderit ex temporibus perferendis delectus praesentium doloribus.',0,1,'2020-03-19 16:12:59'),(93,20,95,'Quam alias eum voluptatem sint et. Ea reprehenderit deserunt adipisci nihil eaque natus. Qui praesentium fugit est aut.',0,1,'2020-03-18 12:45:05'),(94,13,81,'Doloremque consequatur rerum quia eaque. Sit omnis ullam modi aut explicabo. Quidem aut modi voluptatum.',0,1,'2020-03-08 01:00:53'),(95,64,77,'Ut ratione ad et sint. Vel aut unde labore delectus non quis provident ipsa. Ut porro qui corporis dignissimos et et aperiam voluptate. Inventore doloremque consectetur temporibus.',1,1,'2020-03-24 12:35:20'),(96,93,35,'Voluptatem distinctio aut blanditiis accusamus similique ex et occaecati. Qui iure aut sint eos dicta omnis soluta. Deserunt aut dolore ut hic. Reiciendis eos quia velit laudantium hic consequuntur. Magnam amet dicta et reprehenderit aut ut.',1,0,'2020-03-01 16:42:55'),(97,95,69,'Laudantium totam molestiae sint quae consequuntur impedit. Nemo incidunt autem omnis soluta quos. Ut et eos cumque.',1,0,'2020-03-22 22:05:33'),(98,60,93,'Quisquam consequatur architecto excepturi velit iste. Enim esse temporibus id qui quo officiis. Pariatur repellat ab qui. Commodi ab impedit omnis qui voluptas nihil. Incidunt in quis dolores.',0,0,'2020-03-08 02:34:28'),(99,86,48,'Commodi non quibusdam est error non. Beatae rerum minus vel et qui molestias. Eos quidem voluptatem qui autem hic maxime. Harum iure aperiam possimus odio.',1,0,'2020-03-06 06:15:09'),(100,83,69,'Earum a delectus quia quidem sint. Quo et voluptas alias quia vel aperiam. Facere perspiciatis exercitationem occaecati eligendi est fuga voluptas.',1,0,'2020-03-29 06:44:48');
/*!40000 ALTER TABLE `messages` ENABLE KEYS */;
UNLOCK TABLES;

--
-- Table structure for table `posts`
--

DROP TABLE IF EXISTS `posts`;
/*!40101 SET @saved_cs_client     = @@character_set_client */;
/*!50503 SET character_set_client = utf8mb4 */;
CREATE TABLE `posts` (
  `id` int unsigned NOT NULL AUTO_INCREMENT,
  `user_id` int unsigned NOT NULL,
  `community_id` int unsigned DEFAULT NULL,
  `head` varchar(255) DEFAULT NULL,
  `body` text NOT NULL,
  `media_id` int unsigned DEFAULT NULL,
  `created_at` datetime DEFAULT CURRENT_TIMESTAMP,
  `updated_at` datetime DEFAULT CURRENT_TIMESTAMP ON UPDATE CURRENT_TIMESTAMP,
  PRIMARY KEY (`id`),
  KEY `posts_user_id_fk` (`user_id`),
  KEY `posts_community_id_fk` (`community_id`),
  KEY `posts_media_id_fk` (`media_id`),
  CONSTRAINT `posts_community_id_fk` FOREIGN KEY (`community_id`) REFERENCES `communities` (`id`),
  CONSTRAINT `posts_media_id_fk` FOREIGN KEY (`media_id`) REFERENCES `media` (`id`),
  CONSTRAINT `posts_user_id_fk` FOREIGN KEY (`user_id`) REFERENCES `users` (`id`)
) ENGINE=InnoDB DEFAULT CHARSET=utf8mb4 COLLATE=utf8mb4_0900_ai_ci;
/*!40101 SET character_set_client = @saved_cs_client */;

--
-- Dumping data for table `posts`
--

LOCK TABLES `posts` WRITE;
/*!40000 ALTER TABLE `posts` DISABLE KEYS */;
/*!40000 ALTER TABLE `posts` ENABLE KEYS */;
UNLOCK TABLES;

--
-- Table structure for table `profiles`
--

DROP TABLE IF EXISTS `profiles`;
/*!40101 SET @saved_cs_client     = @@character_set_client */;
/*!50503 SET character_set_client = utf8mb4 */;
CREATE TABLE `profiles` (
  `user_id` int unsigned NOT NULL,
  `gender` char(1) CHARACTER SET utf8 COLLATE utf8_unicode_ci NOT NULL,
  `birthday` date DEFAULT NULL,
  `city` varchar(100) CHARACTER SET utf8 COLLATE utf8_unicode_ci DEFAULT NULL,
  `country` varchar(100) CHARACTER SET utf8 COLLATE utf8_unicode_ci DEFAULT NULL,
  `photo_id` int unsigned DEFAULT NULL,
  `created_at` datetime DEFAULT CURRENT_TIMESTAMP,
  `updated_at` datetime DEFAULT CURRENT_TIMESTAMP ON UPDATE CURRENT_TIMESTAMP,
  PRIMARY KEY (`user_id`),
  KEY `profiles_photo_id_fk` (`photo_id`),
  CONSTRAINT `profiles_photo_id_fk` FOREIGN KEY (`photo_id`) REFERENCES `media` (`id`) ON DELETE SET NULL,
  CONSTRAINT `profiles_user_id_fk` FOREIGN KEY (`user_id`) REFERENCES `users` (`id`) ON DELETE CASCADE
) ENGINE=InnoDB DEFAULT CHARSET=utf8 COLLATE=utf8_unicode_ci;
/*!40101 SET character_set_client = @saved_cs_client */;

--
-- Dumping data for table `profiles`
--

LOCK TABLES `profiles` WRITE;
/*!40000 ALTER TABLE `profiles` DISABLE KEYS */;
INSERT INTO `profiles` VALUES (1,'m','1993-10-04','Cristalshire','Peru',97,'2011-01-15 18:06:11','2012-01-21 08:21:28'),(2,'m','2007-12-30','East Annabell','Niger',25,'2014-07-03 12:14:00','2020-03-31 20:44:36'),(3,'f','1986-11-26','New Marjorieville','Thailand',46,'2019-04-30 07:00:14','2020-03-31 20:44:36'),(4,'f','2015-10-04','Rooseveltside','Ghana',18,'2015-11-01 02:22:33','2020-03-31 20:44:36'),(5,'m','1993-09-23','Adrienview','Tanzania',68,'2015-06-18 00:38:20','2020-03-31 20:47:22'),(6,'m','2016-07-02','Abbottview','Netherlands',66,'2016-10-08 22:42:27','2020-03-31 20:44:36'),(7,'f','2002-02-26','Greenchester','Burundi',75,'2015-10-15 22:25:02','2020-03-31 20:44:36'),(8,'m','1981-04-20','Port Tyshawnfort','France',91,'2020-02-03 01:09:57','2020-03-31 20:47:22'),(9,'m','1990-06-06','Jackiefort','Cocos (Keeling) Islands',81,'2017-04-08 02:08:05','2020-03-31 20:44:36'),(10,'m','2013-10-12','Port Javier','Greece',57,'2017-01-29 04:32:12','2020-03-31 20:47:22'),(11,'m','2018-07-09','Kassulkeport','Botswana',90,'2013-08-28 14:44:13','2020-03-31 20:44:36'),(12,'f','2002-03-21','Jettmouth','United Kingdom',78,'2018-09-24 01:44:31','2020-03-31 20:47:22'),(13,'m','1972-04-10','Marianefurt','Germany',59,'2014-09-30 09:55:16','2020-03-31 20:44:36'),(14,'m','1976-05-28','East Adelbert','Martinique',12,'2020-02-19 10:34:28','2020-03-31 20:44:36'),(15,'m','1990-08-31','Brianaberg','Tunisia',17,'2016-09-29 08:43:06','2020-03-31 20:44:36'),(16,'f','1978-11-28','West Desmond','British Virgin Islands',57,'2014-04-07 11:28:32','2017-07-16 18:05:59'),(17,'f','2011-09-15','Alvenaport','Sao Tome and Principe',44,'2013-03-27 00:21:18','2020-03-31 20:44:36'),(18,'f','2011-02-26','East Nikki','Gibraltar',96,'2014-11-06 00:01:59','2019-01-25 15:56:53'),(19,'f','2009-05-05','Weberside','Finland',68,'2019-05-04 11:37:22','2020-03-31 20:47:22'),(20,'m','1970-03-12','Leschfurt','Djibouti',74,'2016-04-20 22:43:55','2020-03-02 03:39:09'),(21,'f','1984-12-15','Robertschester','South Africa',78,'2017-07-25 07:47:59','2020-03-31 20:47:22'),(22,'m','1983-04-09','Delmerville','Iceland',90,'2016-10-19 08:09:37','2020-03-31 20:44:36'),(23,'m','1973-08-07','Moenview','Iceland',45,'2016-11-24 16:28:23','2020-03-31 20:47:22'),(24,'m','2000-10-05','Port Makenzie','Belarus',17,'2012-09-30 15:37:56','2014-09-18 10:27:32'),(25,'f','2013-01-19','Dickensside','Indonesia',43,'2019-06-04 23:32:12','2020-03-31 20:44:36'),(26,'f','1998-08-27','Carmeloside','Anguilla',67,'2012-03-19 00:27:37','2013-06-17 10:46:41'),(27,'f','1996-06-20','West Wilfredport','Papua New Guinea',51,'2015-03-21 05:14:20','2020-03-31 20:47:22'),(28,'f','2009-02-03','North Lavada','Reunion',46,'2011-05-19 11:29:23','2020-03-31 20:44:36'),(29,'m','2019-02-04','South Graciela','Trinidad and Tobago',66,'2014-03-24 18:42:35','2019-11-29 15:34:18'),(30,'f','1979-06-19','North Emeraldborough','Bulgaria',47,'2018-01-19 23:45:16','2019-01-21 13:00:22'),(31,'m','1978-05-18','Helmerview','Guatemala',99,'2015-03-28 07:38:07','2015-11-27 01:52:04'),(32,'f','1994-02-08','Tillmanland','Sri Lanka',10,'2020-01-08 10:34:12','2020-03-31 20:44:36'),(33,'f','2006-04-09','East Laurynview','Algeria',41,'2019-08-08 18:21:36','2020-03-31 20:47:22'),(34,'f','1984-10-23','Helmerview','Botswana',78,'2014-01-24 00:49:49','2020-03-31 20:44:36'),(35,'m','2005-07-11','New Bertberg','Cuba',82,'2017-08-11 10:22:22','2020-03-31 20:44:36'),(36,'f','1980-03-15','Port Bulah','Hong Kong',59,'2010-08-17 17:09:21','2019-10-05 06:10:05'),(37,'m','1980-12-15','Gloverfurt','South Africa',52,'2015-03-15 13:09:27','2020-03-31 20:47:22'),(38,'m','2008-06-02','New Brycen','Montserrat',67,'2013-10-19 05:15:43','2015-01-27 23:32:44'),(39,'f','2005-12-26','East Antwonhaven','Timor-Leste',26,'2010-10-18 12:00:30','2020-03-31 20:44:36'),(40,'f','1987-06-06','Hansenville','China',16,'2016-11-20 23:48:04','2017-07-22 00:29:31'),(41,'f','1981-11-16','East Perryburgh','Jamaica',25,'2019-07-30 21:08:36','2020-03-31 20:47:22'),(42,'m','2016-10-24','Ciaraberg','Martinique',86,'2018-10-27 17:02:04','2020-03-31 20:44:36'),(43,'m','1975-11-19','Harleyfort','Reunion',41,'2015-04-30 14:10:42','2020-03-31 20:44:36'),(44,'m','2011-07-25','Birdieville','French Guiana',80,'2020-01-01 14:07:59','2020-03-31 20:47:22'),(45,'m','1986-07-30','Albertaland','Cook Islands',14,'2010-09-07 17:41:37','2013-07-03 22:53:50'),(46,'m','2016-04-15','East Helen','Kazakhstan',6,'2013-05-26 03:08:54','2020-03-31 20:44:36'),(47,'f','1971-04-27','Caterinabury','Hong Kong',67,'2017-06-25 09:39:26','2020-03-31 20:44:36'),(48,'f','2013-11-23','Gleichnerborough','Liechtenstein',24,'2018-08-25 01:40:42','2020-03-31 20:47:22'),(49,'f','1972-03-25','Port Adamshire','Norfolk Island',18,'2016-01-23 23:47:02','2020-03-31 20:44:36'),(50,'m','1988-01-04','Jettfurt','Macao',28,'2017-07-07 23:48:33','2020-03-31 20:44:36'),(51,'f','1997-02-27','Runolfsdottirhaven','Angola',20,'2016-10-27 06:09:30','2020-03-31 20:44:36'),(52,'f','1974-07-31','Port Dedrickton','Monaco',2,'2020-01-18 06:25:00','2020-03-31 20:47:22'),(53,'f','1993-10-12','Graycebury','Cote d\'Ivoire',9,'2013-01-09 08:30:46','2020-03-31 20:44:36'),(54,'f','2010-04-02','East Sadiemouth','Iceland',38,'2017-05-13 12:08:50','2020-03-31 20:44:36'),(55,'f','1985-07-25','West Lonzo','Eritrea',21,'2015-10-29 13:31:55','2017-06-27 16:04:14'),(56,'m','1999-04-02','Lake Cameronburgh','Ethiopia',36,'2012-05-01 15:24:47','2020-03-31 20:44:36'),(57,'f','2015-05-28','North Guadalupeville','Vanuatu',23,'2019-03-31 23:07:26','2020-03-31 20:44:36'),(58,'f','1991-11-23','Arnechester','Senegal',19,'2015-05-03 19:23:54','2020-03-31 20:44:36'),(59,'m','1996-02-11','South Gissellebury','Isle of Man',25,'2017-01-07 21:54:19','2019-12-23 04:13:38'),(60,'f','1982-03-14','Mannfort','Saint Lucia',62,'2015-07-05 01:45:21','2020-03-31 20:47:22'),(61,'f','1995-12-11','Lake Kameron','Cuba',77,'2014-09-08 06:38:56','2020-03-31 20:47:22'),(62,'f','2020-03-01','Guidoshire','Sri Lanka',81,'2013-11-02 14:06:26','2020-03-31 20:44:36'),(63,'m','2011-08-15','Port Lonnystad','Germany',37,'2018-11-07 02:13:47','2019-12-26 10:16:52'),(64,'f','1988-01-23','Reynoldsstad','Bouvet Island (Bouvetoya)',36,'2013-09-16 10:24:47','2017-07-27 12:26:55'),(65,'m','2013-12-15','Elodybury','Indonesia',82,'2014-10-12 18:25:38','2019-01-19 16:05:54'),(66,'m','1990-10-16','Goyettestad','Barbados',13,'2015-03-31 11:07:12','2020-03-31 20:44:36'),(67,'f','1989-11-16','Kochhaven','Malaysia',20,'2019-01-17 19:48:26','2020-03-31 20:44:36'),(68,'m','1986-02-22','Ervinburgh','American Samoa',24,'2015-02-26 22:45:55','2017-08-27 15:33:21'),(69,'f','1971-12-17','Lake Yazmin','Guinea',71,'2019-05-15 08:52:07','2020-03-31 20:44:36'),(70,'m','2009-02-18','North Linwood','Bouvet Island (Bouvetoya)',83,'2018-04-01 17:37:06','2020-03-31 20:44:36'),(71,'f','1973-01-31','Sharonton','Nepal',36,'2013-11-01 10:45:40','2020-03-31 20:44:36'),(72,'m','2014-05-09','Marianeland','South Africa',10,'2019-05-07 02:04:17','2020-03-31 20:47:22'),(73,'m','1988-02-27','East Marcella','Iraq',77,'2016-06-20 05:38:50','2020-03-31 20:47:22'),(74,'f','2017-05-19','East Dejah','United Kingdom',24,'2013-11-09 12:44:23','2020-03-31 20:44:36'),(75,'f','1992-10-18','Flatleyside','Sudan',37,'2013-05-18 18:24:46','2020-03-31 20:47:22'),(76,'f','1987-12-23','Agnesview','Iraq',21,'2012-09-09 01:01:06','2016-02-09 16:36:51'),(77,'f','2018-03-22','Verdieville','Nigeria',16,'2019-06-21 04:00:47','2020-03-31 20:47:22'),(78,'f','2019-04-29','Mrazport','Venezuela',13,'2017-07-07 13:24:07','2020-03-31 20:44:36'),(79,'m','2009-05-06','Chelseychester','Papua New Guinea',71,'2019-12-12 16:11:06','2020-03-31 20:47:22'),(80,'f','2002-12-27','Lake Kaleighborough','Oman',52,'2011-03-05 00:09:05','2020-03-31 20:44:36'),(81,'f','2001-09-23','Littelview','French Southern Territories',34,'2010-04-03 01:49:51','2013-07-18 02:12:54'),(82,'m','1970-10-10','Daughertychester','Bouvet Island (Bouvetoya)',13,'2013-05-07 03:33:18','2015-08-08 08:28:55'),(83,'m','1993-01-27','Lefflerburgh','Lithuania',84,'2016-11-28 15:45:51','2020-03-31 20:44:36'),(84,'m','2012-11-02','New Adolfoland','Kyrgyz Republic',61,'2017-10-10 00:09:09','2020-03-31 20:47:22'),(85,'f','2003-05-05','East Alvaside','Togo',41,'2017-01-04 03:24:49','2020-03-31 20:44:36'),(86,'f','2013-11-25','Barrowsside','Aruba',36,'2016-08-14 18:28:06','2020-03-31 20:47:22'),(87,'m','2012-04-01','Lake Alford','Thailand',18,'2016-10-20 17:22:38','2020-03-31 20:47:22'),(88,'m','2002-08-03','Kohlerport','Solomon Islands',94,'2014-06-01 00:03:44','2019-06-28 05:22:07'),(89,'m','2001-01-16','Chelsieborough','Luxembourg',55,'2018-02-18 16:51:57','2020-03-31 20:47:22'),(90,'m','2003-03-28','New Georgianna','Lebanon',55,'2018-07-19 17:04:54','2020-03-31 20:44:36'),(91,'f','2003-12-05','Onaville','Sierra Leone',76,'2016-11-07 20:32:49','2017-08-02 05:50:22'),(92,'f','1989-12-04','Niabury','Kiribati',24,'2016-03-27 13:12:53','2020-01-04 03:49:22'),(93,'f','2017-04-11','North Laurine','Pitcairn Islands',87,'2010-12-07 12:26:00','2020-03-31 20:44:36'),(94,'m','2013-10-09','New Michaelafort','Turks and Caicos Islands',10,'2016-02-18 17:11:19','2020-03-31 20:47:22'),(95,'m','1982-03-23','Lake Josianne','Bhutan',8,'2013-03-21 01:41:33','2020-03-31 20:44:36'),(96,'f','2014-04-19','Enaland','Timor-Leste',86,'2018-04-07 02:56:45','2020-03-31 20:47:22'),(97,'m','1981-01-09','East Hendersonshire','Turkey',8,'2016-07-19 23:29:18','2020-03-31 20:44:36'),(98,'f','1997-10-25','West Nedra','Philippines',47,'2014-04-23 05:22:01','2020-03-31 20:44:36'),(99,'f','1996-12-15','Valliemouth','Uzbekistan',85,'2018-01-11 15:24:55','2020-03-31 20:47:22'),(100,'m','2002-07-14','Homenickland','Egypt',4,'2011-08-01 12:39:05','2015-05-06 01:06:15');
/*!40000 ALTER TABLE `profiles` ENABLE KEYS */;
UNLOCK TABLES;

--
-- Table structure for table `target_types`
--

DROP TABLE IF EXISTS `target_types`;
/*!40101 SET @saved_cs_client     = @@character_set_client */;
/*!50503 SET character_set_client = utf8mb4 */;
CREATE TABLE `target_types` (
  `id` int unsigned NOT NULL AUTO_INCREMENT,
  `name` varchar(255) NOT NULL,
  `created_at` datetime DEFAULT CURRENT_TIMESTAMP,
  PRIMARY KEY (`id`),
  UNIQUE KEY `name` (`name`)
) ENGINE=InnoDB AUTO_INCREMENT=5 DEFAULT CHARSET=utf8mb4 COLLATE=utf8mb4_0900_ai_ci;
/*!40101 SET character_set_client = @saved_cs_client */;

--
-- Dumping data for table `target_types`
--

LOCK TABLES `target_types` WRITE;
/*!40000 ALTER TABLE `target_types` DISABLE KEYS */;
INSERT INTO `target_types` VALUES (1,'messages','2020-04-07 20:37:05'),(2,'users','2020-04-07 20:37:05'),(3,'media','2020-04-07 20:37:05'),(4,'posts','2020-04-07 20:37:05');
/*!40000 ALTER TABLE `target_types` ENABLE KEYS */;
UNLOCK TABLES;

--
-- Table structure for table `users`
--

DROP TABLE IF EXISTS `users`;
/*!40101 SET @saved_cs_client     = @@character_set_client */;
/*!50503 SET character_set_client = utf8mb4 */;
CREATE TABLE `users` (
  `id` int unsigned NOT NULL AUTO_INCREMENT,
  `first_name` varchar(100) CHARACTER SET utf8 COLLATE utf8_unicode_ci NOT NULL,
  `last_name` varchar(100) CHARACTER SET utf8 COLLATE utf8_unicode_ci NOT NULL,
  `email` varchar(120) CHARACTER SET utf8 COLLATE utf8_unicode_ci NOT NULL,
  `phone` varchar(13) CHARACTER SET utf8 COLLATE utf8_unicode_ci NOT NULL,
  `created_at` datetime DEFAULT CURRENT_TIMESTAMP,
  `updated_at` datetime DEFAULT CURRENT_TIMESTAMP ON UPDATE CURRENT_TIMESTAMP,
  PRIMARY KEY (`id`),
  UNIQUE KEY `email` (`email`),
  UNIQUE KEY `phone` (`phone`),
  UNIQUE KEY `phone_2` (`phone`)
) ENGINE=InnoDB AUTO_INCREMENT=101 DEFAULT CHARSET=utf8 COLLATE=utf8_unicode_ci;
/*!40101 SET character_set_client = @saved_cs_client */;

--
-- Dumping data for table `users`
--

LOCK TABLES `users` WRITE;
/*!40000 ALTER TABLE `users` DISABLE KEYS */;
INSERT INTO `users` VALUES (1,'Laura','Gusikowski','doris50@example.com','210.976.42976','2019-03-18 03:36:22','2020-03-31 20:30:19'),(2,'Estel','Walsh','ubaldo.auer@example.org','+81(4)4774307','2017-09-13 19:19:40','2020-03-31 20:30:19'),(3,'Georgiana','Padberg','urippin@example.org','1-709-362-304','2014-02-25 05:29:02','2020-03-31 20:30:19'),(4,'Laurence','Larkin','dickinson.tre@example.com','(604)768-5501','2011-10-12 10:44:08','2020-03-31 20:30:19'),(5,'Sylvia','Kassulke','garrison.walker@example.net','+90(4)7411595','2012-08-24 20:31:29','2020-03-31 20:30:19'),(6,'Mavis','Blanda','juston.mueller@example.net','+33(8)0874473','2017-05-27 08:49:53','2020-03-31 20:30:19'),(7,'Mohammed','O\'Connell','walter.estevan@example.org','(284)759-6479','2020-01-04 16:40:22','2020-03-31 20:30:19'),(8,'Heber','Stark','kirstin.schultz@example.com','(842)182-1879','2010-07-03 03:52:06','2020-03-31 20:30:19'),(9,'Toby','Pollich','nelson.feil@example.com','1-045-831-159','2016-05-19 20:00:18','2020-03-31 20:30:19'),(10,'Corrine','Lockman','vquigley@example.com','(685)665-0755','2011-03-26 01:04:48','2020-03-31 20:30:19'),(11,'Alexandre','Kiehn','carroll.rosalee@example.org','238.419.16502','2015-01-30 22:21:10','2020-03-31 20:30:19'),(12,'Zackary','Schinner','kobe51@example.com','(067)899-2145','2011-02-01 04:33:31','2020-03-31 20:30:19'),(13,'Judge','Simonis','dave56@example.com','1-137-932-918','2019-07-04 00:17:54','2020-03-31 20:30:19'),(14,'Theresa','Goyette','abigail75@example.org','447.099.08459','2011-02-14 06:05:23','2020-03-31 20:30:19'),(15,'Shad','Harvey','zboncak.jaida@example.com','1-860-085-342','2014-09-07 10:06:41','2020-03-31 20:30:19'),(16,'Armand','Boyle','arch.roberts@example.net','078-433-74234','2011-04-07 18:25:12','2020-03-31 20:30:19'),(17,'Rhea','Okuneva','carli.johnston@example.org','(129)773-1943','2017-10-17 22:29:04','2020-03-31 20:30:19'),(18,'Easter','Osinski','pfeffer.catherine@example.org','0742301528319','2013-06-12 03:39:18','2020-03-31 20:30:19'),(19,'Dock','Braun','llehner@example.com','316-984-46464','2014-03-20 22:04:38','2020-03-31 20:30:19'),(20,'Lenora','Casper','guido70@example.net','(410)516-7366','2016-09-13 02:12:08','2020-03-31 20:30:19'),(21,'Antonietta','Barton','issac62@example.org','081-764-29336','2020-03-12 05:00:43','2020-03-31 20:30:19'),(22,'Lillie','Stiedemann','lakin.vida@example.com','429-268-86484','2016-01-10 02:18:01','2020-03-31 20:30:19'),(23,'Darion','Rau','ymuller@example.org','(706)900-0412','2011-11-27 08:05:26','2020-03-31 20:30:19'),(24,'Sierra','Pfeffer','pfannerstill.rhea@example.org','0702278320509','2010-08-07 00:42:13','2020-03-31 20:30:19'),(25,'Toni','Jacobi','magnus.stanton@example.org','658-024-62309','2016-12-10 15:45:36','2020-03-31 20:30:19'),(26,'Guadalupe','Schumm','pfannerstill.ada@example.com','(615)248-9820','2013-01-01 11:00:39','2020-03-31 20:30:19'),(27,'Kylie','D\'Amore','kmurray@example.org','1-610-515-375','2010-12-22 10:33:16','2020-03-31 20:30:19'),(28,'Eloise','Fadel','taya82@example.com','(164)079-7214','2015-05-05 23:03:34','2020-03-31 20:30:19'),(29,'Robb','Koelpin','bradtke.elbert@example.com','1-971-448-746','2015-08-07 06:15:05','2020-03-31 20:30:19'),(30,'Monserrat','Thiel','crooks.eula@example.net','1-560-068-290','2015-03-04 09:37:33','2020-03-31 20:30:19'),(31,'Hershel','Waelchi','rachael.littel@example.net','571.820.94913','2012-12-08 01:05:28','2020-03-31 20:30:19'),(32,'Wallace','Douglas','vhamill@example.net','1-804-885-895','2017-06-05 04:45:34','2020-03-31 20:30:19'),(33,'Raul','Schaden','brionna28@example.org','544.889.95740','2014-03-30 16:42:00','2020-03-31 20:30:19'),(34,'Ransom','Volkman','quincy07@example.net','1-696-990-915','2016-12-25 07:33:15','2020-03-31 20:30:19'),(35,'Theo','Botsford','fyost@example.net','950.137.52457','2013-11-18 23:16:19','2020-03-31 20:30:19'),(36,'Jaydon','Gorczany','berniece80@example.org','(420)730-5340','2011-03-12 21:55:02','2020-03-31 20:30:19'),(37,'Anna','Waters','tromp.lera@example.com','(238)759-3231','2010-08-05 05:16:45','2020-03-31 20:30:19'),(38,'Alice','Jones','grimes.terrell@example.com','308-440-31932','2012-12-13 17:25:58','2020-03-31 20:30:19'),(39,'Tommie','Bauch','okuneva.ramiro@example.net','568.246.66274','2014-03-21 04:07:23','2020-03-31 20:30:19'),(40,'Keegan','Swift','paolo88@example.net','501.232.85273','2019-09-19 22:57:44','2020-03-31 20:30:19'),(41,'Jedidiah','Ledner','bryana.ledner@example.net','1-204-778-442','2018-08-08 03:14:00','2020-03-31 20:30:19'),(42,'Lester','Orn','iwest@example.org','(222)933-9392','2014-03-26 20:19:15','2020-03-31 20:30:19'),(43,'Zoila','Funk','woodrow86@example.org','0268223804535','2011-05-09 17:19:15','2020-03-31 20:30:19'),(44,'Tatum','Kessler','zgraham@example.com','1-562-717-501','2017-06-04 12:40:22','2020-03-31 20:30:19'),(45,'Shane','Schimmel','lveum@example.com','+61(1)2631802','2017-01-18 15:24:32','2020-03-31 20:30:19'),(46,'Luz','Hahn','lucius.huels@example.com','815.175.34609','2011-10-20 18:35:18','2020-03-31 20:30:19'),(47,'Ima','Moore','keanu13@example.org','1-345-222-539','2018-10-28 23:05:21','2020-03-31 20:30:19'),(48,'Colleen','Smith','mavis54@example.com','(602)104-3771','2012-06-07 03:44:50','2020-03-31 20:30:19'),(49,'Angelita','Metz','tkutch@example.org','+73(3)9197337','2010-12-02 07:20:39','2020-03-31 20:30:19'),(50,'Damien','Batz','tsteuber@example.org','1-699-182-172','2015-12-30 02:15:05','2020-03-31 20:30:19'),(51,'Elijah','Carter','margarette.brekke@example.com','+27(4)4859651','2015-12-28 11:17:47','2020-03-31 20:30:19'),(52,'Gaetano','Grimes','ocie32@example.net','(066)881-4839','2011-08-11 01:18:52','2020-03-31 20:30:19'),(53,'Alphonso','Sporer','price.joey@example.org','1-912-927-346','2012-01-15 22:26:11','2020-03-31 20:30:19'),(54,'Augustine','McCullough','tressie.kohler@example.com','(999)233-4911','2012-06-05 19:14:37','2020-03-31 20:30:19'),(55,'Gerald','Dach','virgil35@example.com','0958975302722','2015-06-28 09:22:52','2020-03-31 20:30:19'),(56,'Audie','Orn','qwyman@example.com','687-614-77776','2012-09-20 09:03:18','2020-03-31 20:30:19'),(57,'Brendon','Buckridge','jokuneva@example.org','(709)391-9715','2016-11-27 01:20:05','2020-03-31 20:30:19'),(58,'Leonor','Kozey','weber.ona@example.org','(865)177-8250','2011-02-10 10:09:15','2020-03-31 20:30:19'),(59,'Prince','Schuster','ycartwright@example.net','(131)502-8803','2015-03-17 08:33:35','2020-03-31 20:30:19'),(60,'Maye','Deckow','udurgan@example.org','477-523-92470','2015-06-10 13:39:47','2020-03-31 20:30:19'),(61,'Evan','McDermott','maddison.stanton@example.net','(961)642-7741','2019-04-16 08:32:20','2020-03-31 20:30:19'),(62,'Nathan','Kertzmann','fgreenholt@example.net','1-657-395-396','2011-02-08 19:56:09','2020-03-31 20:30:19'),(63,'Annette','Miller','parker.camylle@example.com','796.061.26557','2019-04-05 08:19:30','2020-03-31 20:30:19'),(64,'Gertrude','Wisoky','garnet.macejkovic@example.net','303-287-75597','2017-09-15 01:31:21','2020-03-31 20:30:19'),(65,'Brown','Schamberger','stamm.viva@example.org','+28(0)3275316','2011-09-15 02:22:14','2020-03-31 20:30:19'),(66,'Jermey','Gaylord','dion34@example.org','+26(9)6487591','2012-12-08 06:43:06','2020-03-31 20:30:19'),(67,'Eudora','Pollich','jstroman@example.com','(747)694-9106','2019-11-02 04:53:25','2020-03-31 20:30:19'),(68,'Emery','Stark','marie39@example.com','242.057.24457','2013-09-02 14:06:31','2020-03-31 20:30:19'),(69,'Bryana','Bashirian','swaelchi@example.net','0576226830969','2012-04-22 04:03:25','2020-03-31 20:30:19'),(70,'Haleigh','Beier','reichel.cicero@example.org','994-236-69678','2013-07-29 05:11:47','2020-03-31 20:30:19'),(71,'Reinhold','Mann','fkozey@example.org','665-888-37381','2015-06-17 07:52:58','2020-03-31 20:30:19'),(72,'Ryann','Koelpin','helene89@example.com','927-771-55673','2011-06-10 00:03:56','2020-03-31 20:30:19'),(73,'Miguel','Lowe','ubreitenberg@example.org','347.960.55324','2016-08-28 22:36:44','2020-03-31 20:30:19'),(74,'Viola','Simonis','holden09@example.net','1-950-698-398','2016-08-07 21:36:06','2020-03-31 20:30:19'),(75,'Alva','Dare','ohuels@example.org','1-031-750-921','2015-02-15 19:44:13','2020-03-31 20:30:19'),(76,'Marion','Eichmann','jerrell26@example.com','(158)469-0612','2011-01-06 04:10:29','2020-03-31 20:30:19'),(77,'Virginia','Borer','gbreitenberg@example.net','0433196337201','2014-10-27 06:10:53','2020-03-31 20:30:19'),(78,'Terrence','Block','marie.hudson@example.net','(684)199-4865','2013-09-15 18:47:34','2020-03-31 20:30:19'),(79,'Roosevelt','Stanton','little.effie@example.org','(209)872-4926','2018-10-03 10:13:43','2020-03-31 20:30:19'),(80,'Breana','Mayert','pdickinson@example.org','(971)571-7137','2010-11-20 12:20:28','2020-03-31 20:30:19'),(81,'Chadrick','Berge','amills@example.com','0273110386507','2019-01-24 23:27:41','2020-03-31 20:30:19'),(82,'Jerod','Kuphal','mgutmann@example.com','334-568-75223','2010-05-31 03:00:20','2020-03-31 20:30:19'),(83,'Wilfredo','Kautzer','carson33@example.org','1-131-940-396','2017-11-06 08:30:51','2020-03-31 20:30:19'),(84,'Freddie','Prohaska','shaylee19@example.com','(264)717-4312','2018-09-10 07:45:14','2020-03-31 20:30:19'),(85,'Ricky','Wunsch','stewart20@example.net','264-148-23273','2016-03-15 23:41:42','2020-03-31 20:30:19'),(86,'Reynold','Swift','eusebio.yundt@example.org','+35(9)4245331','2015-07-21 11:29:35','2020-03-31 20:30:19'),(87,'Gussie','Howell','djast@example.net','1-252-763-733','2012-03-08 21:18:23','2020-03-31 20:30:19'),(88,'Chloe','Bartoletti','ecartwright@example.net','089-361-50777','2016-02-19 05:01:14','2020-03-31 20:30:19'),(89,'Amani','Huels','ullrich.jaiden@example.org','0319764692689','2017-12-21 07:02:54','2020-03-31 20:30:19'),(90,'Polly','Feest','vivianne.o\'kon@example.org','770-391-97112','2018-01-19 12:40:08','2020-03-31 20:30:19'),(91,'Reilly','Schimmel','mertie81@example.com','(675)520-0192','2018-07-14 21:41:14','2020-03-31 20:30:19'),(92,'Cora','Hayes','jena.kuhic@example.net','680.249.64526','2016-12-24 00:53:30','2020-03-31 20:30:19'),(93,'Filiberto','Heathcote','cayla.weissnat@example.net','567.693.66157','2015-08-06 03:07:36','2020-03-31 20:30:19'),(94,'Bettye','Lebsack','robyn.harvey@example.com','(304)431-2903','2018-03-23 04:39:57','2020-03-31 20:30:19'),(95,'Maud','Kertzmann','nicklaus64@example.net','098.811.90348','2018-01-12 09:03:14','2020-03-31 20:30:19'),(96,'Maxime','Turner','ehowell@example.org','789.205.81731','2011-07-03 10:04:20','2020-03-31 20:30:19'),(97,'Javier','Wilderman','clyde07@example.net','798.410.36713','2016-11-22 18:24:52','2020-03-31 20:30:19'),(98,'Leonel','Hilll','berenice23@example.net','0692516155376','2017-03-15 19:07:28','2020-03-31 20:30:19'),(99,'Brandy','Roberts','gabrielle15@example.com','(873)887-8537','2019-07-12 14:33:52','2020-03-31 20:30:19'),(100,'Ulises','Wunsch','freddy82@example.org','1-539-826-560','2016-02-05 03:34:39','2020-03-31 20:30:19');
/*!40000 ALTER TABLE `users` ENABLE KEYS */;
UNLOCK TABLES;
/*!40103 SET TIME_ZONE=@OLD_TIME_ZONE */;

/*!40101 SET SQL_MODE=@OLD_SQL_MODE */;
/*!40014 SET FOREIGN_KEY_CHECKS=@OLD_FOREIGN_KEY_CHECKS */;
/*!40014 SET UNIQUE_CHECKS=@OLD_UNIQUE_CHECKS */;
/*!40101 SET CHARACTER_SET_CLIENT=@OLD_CHARACTER_SET_CLIENT */;
/*!40101 SET CHARACTER_SET_RESULTS=@OLD_CHARACTER_SET_RESULTS */;
/*!40101 SET COLLATION_CONNECTION=@OLD_COLLATION_CONNECTION */;
/*!40111 SET SQL_NOTES=@OLD_SQL_NOTES */;

-- Dump completed on 2020-04-13 22:29:35
